,time,state
0,0.0,not_defined
1,0.099922,not_defined
2,0.199844,quad 4
3,0.299766,quad 4
4,0.399688,quad 4
5,0.49961,quad 4
6,0.599532,quad 4
7,0.699454,quad 4
8,0.799376,quad 4
9,0.8992979999999999,quad 4
10,0.99922,quad 4
11,1.099142,quad 4
12,1.199064,quad 4
13,1.298986,quad 4
14,1.398908,quad 4
15,1.4988299999999999,quad 4
16,1.598752,quad 4
17,1.698674,quad 4
18,1.7985959999999999,quad 4
19,1.898518,quad 4
20,1.99844,quad 4
21,2.098362,quad 4
22,2.198284,quad 4
23,2.298206,quad 4
24,2.398128,quad 4
25,2.49805,quad 4
26,2.597972,quad 4
27,2.697894,quad 4
28,2.797816,quad 4
29,2.897738,quad 4
30,2.9976599999999998,quad 4
31,3.097582,quad 4
32,3.197504,not_defined
33,3.2974259999999997,not_defined
34,3.397348,not_defined
35,3.49727,center
36,3.5971919999999997,center
37,3.697114,center
38,3.797036,center
39,3.8969579999999997,center
40,3.99688,center
41,4.096802,center
42,4.196724,center
43,4.296646,center
44,4.396568,center
45,4.49649,center
46,4.596412,not_defined
47,4.696334,not_defined
48,4.796256,not_defined
49,4.896178,not_defined
50,4.9961,not_defined
51,5.096022,quad 1
52,5.195944,quad 1
53,5.295866,quad 1
54,5.395788,quad 1
55,5.49571,quad 1
56,5.595632,quad 1
57,5.695554,quad 1
58,5.795476,quad 1
59,5.895398,quad 1
60,5.9953199999999995,quad 1
61,6.095242,quad 1
62,6.195164,quad 1
63,6.2950859999999995,quad 1
64,6.395008,quad 1
65,6.49493,quad 1
66,6.5948519999999995,quad 1
67,6.694774,quad 1
68,6.794696,quad 1
69,6.8946179999999995,quad 1
70,6.99454,quad 1
71,7.094462,quad 1
72,7.1943839999999994,quad 1
73,7.294306,quad 1
74,7.394228,quad 1
75,7.494149999999999,quad 1
76,7.594072,quad 1
77,7.693994,quad 1
78,7.793915999999999,quad 1
79,7.893838,quad 1
80,7.99376,quad 1
81,8.093682,quad 1
82,8.193604,quad 1
83,8.293526,quad 1
84,8.393448,quad 1
85,8.49337,quad 1
86,8.593292,quad 1
87,8.693214,quad 1
88,8.793136,quad 1
89,8.893058,quad 1
90,8.99298,quad 1
91,9.092902,quad 1
92,9.192824,quad 1
93,9.292746,quad 1
94,9.392668,quad 1
95,9.49259,quad 1
96,9.592512,quad 1
97,9.692434,quad 1
98,9.792356,quad 1
99,9.892278,quad 1
100,9.9922,quad 1
101,10.092122,quad 1
102,10.192044,quad 1
103,10.291966,quad 1
104,10.391888,quad 1
105,10.49181,quad 1
106,10.591732,quad 1
107,10.691654,quad 1
108,10.791576,quad 1
109,10.891498,quad 1
110,10.99142,quad 1
111,11.091342,quad 1
112,11.191264,quad 1
113,11.291186,quad 1
114,11.391108,quad 1
115,11.49103,quad 1
116,11.590952,quad 1
117,11.690873999999999,quad 1
118,11.790796,quad 1
119,11.890718,quad 1
120,11.990639999999999,quad 1
121,12.090562,quad 1
122,12.190484,quad 1
123,12.290405999999999,quad 1
124,12.390328,quad 1
125,12.49025,quad 1
126,12.590171999999999,quad 1
127,12.690094,quad 1
128,12.790016,quad 1
129,12.889937999999999,quad 1
130,12.98986,quad 1
131,13.089782,quad 1
132,13.189703999999999,quad 1
133,13.289626,quad 1
134,13.389548,quad 1
135,13.489469999999999,quad 1
136,13.589392,quad 1
137,13.689314,quad 1
138,13.789235999999999,quad 1
139,13.889158,quad 1
140,13.98908,quad 1
141,14.089001999999999,quad 1
142,14.188924,quad 1
143,14.288846,quad 1
144,14.388767999999999,quad 1
145,14.48869,quad 1
146,14.588612,quad 1
147,14.688533999999999,quad 1
148,14.788456,quad 1
149,14.888378,quad 1
150,14.988299999999999,quad 1
151,15.088222,quad 1
152,15.188144,quad 1
153,15.288065999999999,quad 1
154,15.387988,quad 1
155,15.48791,quad 1
156,15.587831999999999,quad 1
157,15.687754,quad 1
158,15.787676,quad 1
159,15.887597999999999,quad 1
160,15.98752,quad 1
161,16.087442,quad 1
162,16.187364,quad 1
163,16.287285999999998,quad 1
164,16.387208,quad 1
165,16.48713,quad 1
166,16.587052,quad 1
167,16.686974,quad 1
168,16.786896,quad 1
169,16.886817999999998,quad 1
170,16.98674,quad 1
171,17.086662,quad 1
172,17.186584,quad 1
173,17.286506,quad 1
174,17.386428,quad 1
175,17.486349999999998,quad 1
176,17.586272,quad 1
177,17.686194,quad 1
178,17.786116,quad 1
179,17.886038,quad 1
180,17.98596,quad 1
181,18.085881999999998,quad 1
182,18.185804,quad 1
183,18.285726,quad 1
184,18.385648,quad 1
185,18.48557,quad 1
186,18.585492,quad 1
187,18.685413999999998,quad 1
188,18.785336,quad 1
189,18.885258,quad 1
190,18.98518,quad 1
191,19.085102,quad 1
192,19.185024,quad 1
193,19.284945999999998,quad 1
194,19.384868,quad 1
195,19.48479,quad 1
196,19.584712,quad 1
197,19.684634,quad 1
198,19.784556,quad 1
199,19.884477999999998,quad 1
200,19.9844,quad 1
201,20.084322,quad 1
202,20.184244,quad 1
203,20.284166,quad 1
204,20.384088,quad 1
205,20.484009999999998,quad 1
206,20.583932,quad 1
207,20.683854,quad 1
208,20.783776,quad 1
209,20.883698,quad 1
210,20.98362,quad 1
211,21.083541999999998,quad 1
212,21.183464,quad 1
213,21.283386,quad 1
214,21.383308,quad 1
215,21.48323,quad 1
216,21.583152,quad 1
217,21.683073999999998,quad 1
218,21.782996,quad 1
219,21.882918,quad 1
220,21.98284,quad 1
221,22.082762,quad 1
222,22.182684,quad 1
223,22.282605999999998,quad 1
224,22.382528,quad 1
225,22.48245,quad 1
226,22.582372,quad 1
227,22.682294,quad 1
228,22.782216,quad 1
229,22.882137999999998,quad 1
230,22.98206,quad 1
231,23.081982,quad 1
232,23.181904,quad 1
233,23.281826,quad 1
234,23.381747999999998,quad 1
235,23.481669999999998,quad 1
236,23.581592,quad 1
237,23.681514,quad 1
238,23.781436,quad 1
239,23.881358,quad 1
240,23.981279999999998,quad 1
241,24.081201999999998,quad 1
242,24.181124,quad 1
243,24.281046,quad 1
244,24.380968,quad 1
245,24.48089,quad 1
246,24.580811999999998,quad 1
247,24.680733999999998,quad 1
248,24.780656,quad 1
249,24.880578,quad 1
250,24.9805,quad 1
251,25.080422,quad 1
252,25.180343999999998,quad 1
253,25.280265999999997,quad 1
254,25.380188,quad 1
255,25.48011,quad 1
256,25.580032,quad 1
257,25.679954,quad 1
258,25.779875999999998,quad 1
259,25.879798,quad 1
260,25.97972,quad 1
261,26.079642,quad 1
262,26.179564,quad 1
263,26.279486,quad 1
264,26.379407999999998,quad 1
265,26.47933,quad 1
266,26.579252,quad 1
267,26.679174,quad 1
268,26.779096,quad 1
269,26.879018,quad 1
270,26.978939999999998,quad 1
271,27.078862,quad 1
272,27.178784,quad 1
273,27.278706,quad 1
274,27.378628,quad 1
275,27.47855,quad 1
276,27.578471999999998,quad 1
277,27.678394,quad 1
278,27.778316,quad 1
279,27.878238,quad 1
280,27.97816,quad 1
281,28.078082,quad 1
282,28.178003999999998,quad 1
283,28.277926,quad 1
284,28.377848,quad 1
285,28.47777,quad 1
286,28.577692,quad 1
287,28.677614,quad 1
288,28.777535999999998,quad 1
289,28.877458,quad 1
290,28.97738,quad 1
291,29.077302,quad 1
292,29.177224,quad 1
293,29.277146,quad 1
294,29.377067999999998,quad 1
295,29.47699,quad 1
296,29.576912,quad 1
297,29.676834,quad 1
298,29.776756,quad 1
299,29.876678,quad 1
300,29.976599999999998,quad 1
301,30.076522,quad 1
302,30.176444,quad 1
303,30.276366,quad 1
304,30.376288,quad 1
305,30.47621,quad 1
306,30.576131999999998,quad 1
307,30.676054,quad 1
308,30.775976,quad 1
309,30.875898,quad 1
310,30.97582,quad 1
311,31.075741999999998,quad 1
312,31.175663999999998,quad 1
313,31.275586,quad 1
314,31.375508,quad 1
315,31.47543,quad 1
316,31.575352,quad 1
317,31.675273999999998,quad 1
318,31.775195999999998,quad 1
319,31.875118,quad 1
320,31.97504,quad 1
321,32.074962,quad 1
322,32.174884,quad 1
323,32.274806,quad 1
324,32.374728,quad 1
325,32.47465,quad 1
326,32.574571999999996,quad 1
327,32.674493999999996,quad 1
328,32.774416,quad 1
329,32.874338,quad 1
330,32.97426,quad 1
331,33.074182,quad 1
332,33.174104,quad 1
333,33.274026,quad 1
334,33.373948,quad 1
335,33.47387,quad 1
336,33.573792,quad 1
337,33.673714,quad 1
338,33.773635999999996,quad 1
339,33.873557999999996,quad 1
340,33.97348,quad 1
341,34.073402,quad 1
342,34.173324,quad 1
343,34.273246,quad 1
344,34.373168,quad 1
345,34.47309,quad 1
346,34.573012,quad 1
347,34.672934,quad 1
348,34.772856,quad 1
349,34.872778,quad 1
350,34.972699999999996,quad 1
351,35.072621999999996,quad 1
352,35.172544,quad 1
353,35.272466,quad 1
354,35.372388,quad 1
355,35.47231,quad 1
356,35.572232,quad 1
357,35.672154,quad 1
358,35.772076,quad 1
359,35.871998,quad 1
360,35.97192,quad 1
361,36.071842,quad 1
362,36.171763999999996,quad 1
363,36.271685999999995,quad 1
364,36.371608,quad 1
365,36.47153,quad 1
366,36.571452,quad 1
367,36.671374,quad 1
368,36.771296,quad 1
369,36.871218,quad 1
370,36.97114,quad 1
371,37.071062,quad 1
372,37.170984,quad 1
373,37.270906,quad 1
374,37.370827999999996,quad 1
375,37.470749999999995,quad 1
376,37.570672,quad 1
377,37.670594,quad 1
378,37.770516,quad 1
379,37.870438,quad 1
380,37.97036,quad 1
381,38.070282,quad 1
382,38.170204,quad 1
383,38.270126,quad 1
384,38.370048,quad 1
385,38.469969999999996,quad 1
386,38.569891999999996,quad 1
387,38.669814,quad 1
388,38.769736,quad 1
389,38.869658,quad 1
390,38.96958,quad 1
391,39.069502,quad 1
392,39.169424,quad 1
393,39.269346,quad 1
394,39.369268,quad 1
395,39.46919,quad 1
396,39.569112,quad 1
397,39.669033999999996,quad 1
398,39.768955999999996,quad 1
399,39.868878,quad 1
400,39.9688,quad 1
401,40.068722,quad 1
402,40.168644,quad 1
403,40.268566,quad 1
404,40.368488,quad 1
405,40.46841,quad 1
406,40.568332,quad 1
407,40.668254,quad 1
408,40.768176,quad 1
409,40.868097999999996,quad 1
410,40.968019999999996,quad 1
411,41.067942,quad 1
412,41.167864,quad 1
413,41.267786,quad 1
414,41.367708,quad 1
415,41.46763,quad 1
416,41.567552,quad 1
417,41.667474,quad 1
418,41.767396,quad 1
419,41.867318,quad 1
420,41.96724,quad 1
421,42.067161999999996,quad 1
422,42.167083999999996,quad 1
423,42.267006,quad 1
424,42.366928,quad 1
425,42.46685,quad 1
426,42.566772,quad 1
427,42.666694,quad 1
428,42.766616,quad 1
429,42.866538,quad 1
430,42.96646,quad 1
431,43.066382,quad 1
432,43.166304,quad 1
433,43.266225999999996,quad 1
434,43.366147999999995,quad 1
435,43.46607,quad 1
436,43.565992,quad 1
437,43.665914,quad 1
438,43.765836,quad 1
439,43.865758,quad 1
440,43.96568,quad 1
441,44.065602,quad 1
442,44.165524,quad 1
443,44.265446,quad 1
444,44.365368,quad 1
445,44.465289999999996,quad 1
446,44.565211999999995,quad 1
447,44.665134,quad 1
448,44.765056,quad 1
449,44.864978,quad 1
450,44.9649,quad 1
451,45.064822,quad 1
452,45.164744,quad 1
453,45.264666,quad 1
454,45.364588,quad 1
455,45.46451,quad 1
456,45.564432,quad 1
457,45.664353999999996,quad 1
458,45.764275999999995,quad 1
459,45.864198,quad 1
460,45.96412,quad 1
461,46.064042,quad 1
462,46.163964,quad 1
463,46.263886,quad 1
464,46.363808,quad 1
465,46.46373,quad 1
466,46.563652,quad 1
467,46.663574,quad 1
468,46.763495999999996,quad 1
469,46.863417999999996,quad 1
470,46.963339999999995,quad 1
471,47.063262,quad 1
472,47.163184,quad 1
473,47.263106,quad 1
474,47.363028,quad 1
475,47.46295,quad 1
476,47.562872,quad 1
477,47.662794,quad 1
478,47.762716,quad 1
479,47.862638,quad 1
480,47.962559999999996,quad 1
481,48.062481999999996,quad 1
482,48.162403999999995,quad 1
483,48.262326,quad 1
484,48.362248,quad 1
485,48.46217,quad 1
486,48.562092,quad 1
487,48.662014,quad 1
488,48.761936,quad 1
489,48.861858,quad 1
490,48.96178,quad 1
491,49.061702,quad 1
492,49.161623999999996,quad 1
493,49.261545999999996,quad 1
494,49.361467999999995,quad 1
495,49.46139,quad 1
496,49.561312,quad 1
497,49.661234,quad 1
498,49.761156,quad 1
499,49.861078,quad 1
500,49.961,quad 1
501,50.060922,quad 1
502,50.160844,quad 1
503,50.260766,quad 1
504,50.360687999999996,quad 1
505,50.460609999999996,quad 1
506,50.560531999999995,quad 1
507,50.660454,quad 1
508,50.760376,quad 1
509,50.860298,quad 1
510,50.96022,quad 1
511,51.060142,quad 1
512,51.160064,quad 1
513,51.259986,quad 1
514,51.359908,quad 1
515,51.45983,quad 1
516,51.559751999999996,quad 1
517,51.659673999999995,quad 1
518,51.759596,quad 1
519,51.859518,quad 1
520,51.95944,quad 1
521,52.059362,quad 1
522,52.159284,quad 1
523,52.259206,quad 1
524,52.359128,quad 1
525,52.45905,quad 1
526,52.558972,quad 1
527,52.658894,quad 1
528,52.758815999999996,quad 1
529,52.858737999999995,quad 1
530,52.95866,quad 1
531,53.058582,quad 1
532,53.158504,quad 1
533,53.258426,quad 1
534,53.358348,quad 1
535,53.45827,quad 1
536,53.558192,quad 1
537,53.658114,quad 1
538,53.758036,quad 1
539,53.857957999999996,quad 1
540,53.957879999999996,quad 1
541,54.057801999999995,quad 1
542,54.157724,quad 1
543,54.257646,quad 1
544,54.357568,quad 1
545,54.45749,quad 1
546,54.557412,quad 1
547,54.657334,quad 1
548,54.757256,quad 1
549,54.857178,quad 1
550,54.9571,quad 1
551,55.057021999999996,quad 1
552,55.156943999999996,quad 1
553,55.256865999999995,quad 1
554,55.356788,quad 1
555,55.45671,quad 1
556,55.556632,quad 1
557,55.656554,quad 1
558,55.756476,quad 1
559,55.856398,quad 1
560,55.95632,quad 1
561,56.056242,quad 1
562,56.156164,quad 1
563,56.256085999999996,quad 1
564,56.356007999999996,quad 1
565,56.455929999999995,quad 1
566,56.555852,quad 1
567,56.655774,quad 1
568,56.755696,quad 1
569,56.855618,quad 1
570,56.95554,quad 1
571,57.055462,quad 1
572,57.155384,quad 1
573,57.255306,quad 1
574,57.355228,quad 1
575,57.455149999999996,quad 1
576,57.555071999999996,quad 1
577,57.654993999999995,quad 1
578,57.754916,quad 1
579,57.854838,quad 1
580,57.95476,quad 1
581,58.054682,quad 1
582,58.154604,quad 1
583,58.254526,quad 1
584,58.354448,quad 1
585,58.45437,quad 1
586,58.554292,quad 1
587,58.654213999999996,quad 1
588,58.754135999999995,quad 1
589,58.854057999999995,quad 1
590,58.95398,quad 1
591,59.053902,quad 1
592,59.153824,quad 1
593,59.253746,quad 1
594,59.353668,quad 1
595,59.45359,quad 1
596,59.553512,quad 1
597,59.653434,quad 1
598,59.753356,quad 1
599,59.853277999999996,quad 1
600,59.953199999999995,quad 1
601,60.053121999999995,quad 1
602,60.153044,quad 1
603,60.252966,quad 1
604,60.352888,quad 1
605,60.45281,quad 1
606,60.552732,quad 1
607,60.652654,quad 1
608,60.752576,quad 1
609,60.852498,quad 1
610,60.95242,quad 1
611,61.052341999999996,quad 1
612,61.152263999999995,quad 1
613,61.252185999999995,quad 1
614,61.352108,quad 1
615,61.45203,quad 1
616,61.551952,quad 1
617,61.651874,quad 1
618,61.751796,quad 1
619,61.851718,quad 1
620,61.95164,quad 1
621,62.051562,quad 1
622,62.151483999999996,quad 1
623,62.251405999999996,quad 1
624,62.351327999999995,quad 1
625,62.451249999999995,quad 1
626,62.551172,quad 1
627,62.651094,quad 1
628,62.751016,quad 1
629,62.850938,quad 1
630,62.95086,quad 1
631,63.050782,quad 1
632,63.150704,quad 1
633,63.250626,quad 1
634,63.350547999999996,quad 1
635,63.450469999999996,quad 1
636,63.550391999999995,quad 1
637,63.650313999999995,quad 1
638,63.750236,quad 1
639,63.850158,quad 1
640,63.95008,quad 1
641,64.05000199999999,quad 1
642,64.149924,quad 1
643,64.249846,quad 1
644,64.349768,quad 1
645,64.44969,quad 1
646,64.549612,quad 1
647,64.649534,quad 1
648,64.749456,quad 1
649,64.849378,quad 1
650,64.9493,quad 1
651,65.049222,quad 1
652,65.14914399999999,quad 1
653,65.249066,quad 1
654,65.34898799999999,quad 1
655,65.44891,not_defined
656,65.548832,not_defined
657,65.648754,not_defined
658,65.748676,quad 4
659,65.848598,familiar object
660,65.94852,familiar object
661,66.048442,familiar object
662,66.148364,familiar object
663,66.248286,familiar object
664,66.348208,familiar object
665,66.44812999999999,familiar object
666,66.548052,familiar object
667,66.647974,familiar object
668,66.747896,familiar object
669,66.847818,quad 4
670,66.94774,quad 4
671,67.047662,quad 4
672,67.147584,quad 4
673,67.247506,quad 4
674,67.347428,quad 4
675,67.44735,quad 4
676,67.54727199999999,quad 4
677,67.647194,familiar object
678,67.74711599999999,familiar object
679,67.847038,familiar object
680,67.94696,familiar object
681,68.046882,familiar object
682,68.146804,familiar object
683,68.246726,familiar object
684,68.346648,familiar object
685,68.44657,familiar object
686,68.546492,familiar object
687,68.646414,familiar object
688,68.746336,familiar object
689,68.84625799999999,familiar object
690,68.94618,familiar object
691,69.046102,familiar object
692,69.146024,familiar object
693,69.245946,quad 4
694,69.345868,quad 4
695,69.44579,quad 4
696,69.545712,quad 4
697,69.645634,not_defined
698,69.745556,not_defined
699,69.845478,not_defined
700,69.94539999999999,not_defined
701,70.045322,center
702,70.14524399999999,center
703,70.245166,center
704,70.345088,center
705,70.44501,center
706,70.544932,center
707,70.644854,center
708,70.744776,not_defined
709,70.844698,not_defined
710,70.94462,not_defined
711,71.04454199999999,not_defined
712,71.144464,not_defined
713,71.24438599999999,not_defined
714,71.344308,not_defined
715,71.44423,not_defined
716,71.544152,not_defined
717,71.644074,not_defined
718,71.743996,quad 1
719,71.843918,quad 1
720,71.94384,quad 1
721,72.043762,quad 1
722,72.143684,quad 1
723,72.243606,quad 1
724,72.34352799999999,quad 1
725,72.44345,quad 1
726,72.54337199999999,quad 1
727,72.643294,quad 1
728,72.743216,quad 1
729,72.843138,quad 1
730,72.94306,quad 1
731,73.042982,quad 1
732,73.142904,quad 1
733,73.242826,quad 1
734,73.342748,quad 1
735,73.44266999999999,quad 1
736,73.542592,quad 1
737,73.64251399999999,quad 1
738,73.742436,quad 1
739,73.842358,quad 1
740,73.94228,quad 1
741,74.042202,quad 1
742,74.142124,quad 1
743,74.242046,quad 1
744,74.341968,quad 1
745,74.44189,quad 1
746,74.541812,quad 1
747,74.641734,quad 1
748,74.74165599999999,quad 1
749,74.841578,quad 1
750,74.94149999999999,quad 1
751,75.041422,quad 1
752,75.141344,quad 1
753,75.241266,quad 1
754,75.341188,quad 1
755,75.44111,quad 1
756,75.541032,quad 1
757,75.640954,quad 1
758,75.740876,quad 1
759,75.84079799999999,quad 1
760,75.94072,quad 1
761,76.04064199999999,quad 1
762,76.140564,quad 1
763,76.240486,quad 1
764,76.340408,quad 1
765,76.44033,quad 1
766,76.540252,quad 1
767,76.640174,quad 1
768,76.740096,quad 1
769,76.840018,quad 1
770,76.93993999999999,quad 1
771,77.039862,quad 1
772,77.13978399999999,quad 1
773,77.239706,quad 1
774,77.339628,quad 1
775,77.43955,quad 1
776,77.539472,quad 1
777,77.639394,quad 1
778,77.739316,quad 1
779,77.839238,quad 1
780,77.93916,quad 1
781,78.039082,quad 1
782,78.139004,quad 1
783,78.23892599999999,quad 1
784,78.338848,quad 1
785,78.43876999999999,quad 1
786,78.538692,quad 1
787,78.638614,quad 1
788,78.738536,quad 1
789,78.838458,quad 1
790,78.93838,quad 1
791,79.038302,quad 1
792,79.138224,quad 1
793,79.238146,quad 1
794,79.33806799999999,quad 1
795,79.43799,quad 1
796,79.53791199999999,quad 1
797,79.637834,quad 1
798,79.737756,quad 1
799,79.837678,quad 1
800,79.9376,quad 1
801,80.037522,quad 1
802,80.137444,quad 1
803,80.237366,quad 1
804,80.337288,quad 1
805,80.43721,quad 1
806,80.537132,quad 1
807,80.63705399999999,quad 1
808,80.736976,quad 1
809,80.83689799999999,quad 1
810,80.93682,quad 1
811,81.036742,quad 1
812,81.136664,quad 1
813,81.236586,quad 1
814,81.336508,quad 1
815,81.43643,quad 1
816,81.536352,quad 1
817,81.636274,quad 1
818,81.73619599999999,quad 1
819,81.836118,quad 1
820,81.93603999999999,quad 1
821,82.035962,quad 1
822,82.135884,quad 1
823,82.235806,quad 1
824,82.335728,quad 1
825,82.43565,quad 1
826,82.535572,quad 1
827,82.635494,quad 1
828,82.735416,quad 1
829,82.835338,quad 1
830,82.93526,quad 1
831,83.03518199999999,quad 1
832,83.135104,quad 1
833,83.23502599999999,quad 1
834,83.334948,quad 1
835,83.43487,quad 1
836,83.534792,quad 1
837,83.634714,quad 1
838,83.734636,quad 1
839,83.834558,quad 1
840,83.93448,quad 1
841,84.034402,quad 1
842,84.13432399999999,quad 1
843,84.234246,quad 1
844,84.33416799999999,quad 1
845,84.43409,quad 1
846,84.534012,quad 1
847,84.633934,quad 1
848,84.733856,quad 1
849,84.833778,quad 1
850,84.9337,quad 1
851,85.033622,quad 1
852,85.133544,quad 1
853,85.23346599999999,quad 1
854,85.333388,quad 1
855,85.43330999999999,quad 1
856,85.533232,quad 1
857,85.63315399999999,quad 1
858,85.733076,quad 1
859,85.832998,quad 1
860,85.93292,quad 1
861,86.032842,quad 1
862,86.132764,quad 1
863,86.232686,quad 1
864,86.332608,quad 1
865,86.43253,quad 1
866,86.53245199999999,quad 1
867,86.632374,quad 1
868,86.73229599999999,quad 1
869,86.832218,quad 1
870,86.93214,quad 1
871,87.032062,quad 1
872,87.131984,quad 1
873,87.231906,quad 1
874,87.331828,quad 1
875,87.43175,quad 1
876,87.531672,quad 1
877,87.63159399999999,quad 1
878,87.731516,quad 1
879,87.83143799999999,quad 1
880,87.93136,quad 1
881,88.03128199999999,quad 1
882,88.131204,quad 1
883,88.231126,quad 1
884,88.331048,quad 1
885,88.43097,quad 1
886,88.530892,quad 1
887,88.630814,quad 1
888,88.730736,quad 1
889,88.830658,quad 1
890,88.93057999999999,quad 1
891,89.030502,quad 1
892,89.13042399999999,quad 1
893,89.230346,quad 1
894,89.330268,quad 1
895,89.43019,quad 1
896,89.530112,quad 1
897,89.630034,quad 1
898,89.729956,quad 1
899,89.829878,quad 1
900,89.9298,quad 1
901,90.02972199999999,quad 1
902,90.129644,quad 1
903,90.22956599999999,quad 1
904,90.329488,quad 1
905,90.42941,quad 1
906,90.529332,quad 1
907,90.629254,quad 1
908,90.729176,quad 1
909,90.829098,quad 1
910,90.92902,quad 1
911,91.028942,quad 1
912,91.128864,quad 1
913,91.228786,quad 1
914,91.32870799999999,quad 1
915,91.42863,quad 1
916,91.52855199999999,quad 1
917,91.628474,quad 1
918,91.728396,quad 1
919,91.828318,quad 1
920,91.92824,quad 1
921,92.028162,quad 1
922,92.128084,quad 1
923,92.228006,quad 1
924,92.327928,quad 1
925,92.42784999999999,quad 1
926,92.527772,quad 1
927,92.62769399999999,quad 1
928,92.727616,quad 1
929,92.827538,quad 1
930,92.92746,quad 1
931,93.027382,quad 1
932,93.127304,quad 1
933,93.227226,quad 1
934,93.327148,quad 1
935,93.42707,quad 1
936,93.52699199999999,quad 1
937,93.626914,quad 1
938,93.72683599999999,quad 1
939,93.826758,quad 1
940,93.92667999999999,quad 1
941,94.026602,quad 1
942,94.126524,quad 1
943,94.226446,quad 1
944,94.326368,quad 1
945,94.42629,quad 1
946,94.526212,quad 1
947,94.626134,quad 1
948,94.726056,quad 1
949,94.82597799999999,quad 1
950,94.9259,quad 1
951,95.02582199999999,quad 1
952,95.125744,quad 1
953,95.225666,quad 1
954,95.325588,quad 1
955,95.42551,quad 1
956,95.525432,quad 1
957,95.625354,quad 1
958,95.725276,quad 1
959,95.825198,quad 1
960,95.92511999999999,quad 1
961,96.025042,quad 1
962,96.12496399999999,quad 1
963,96.224886,quad 1
964,96.32480799999999,quad 1
965,96.42473,quad 1
966,96.524652,quad 1
967,96.624574,quad 1
968,96.724496,quad 1
969,96.824418,quad 1
970,96.92434,quad 1
971,97.024262,quad 1
972,97.124184,quad 1
973,97.22410599999999,quad 1
974,97.324028,quad 1
975,97.42394999999999,quad 1
976,97.523872,quad 1
977,97.623794,quad 1
978,97.723716,quad 1
979,97.823638,quad 1
980,97.92356,quad 1
981,98.023482,quad 1
982,98.123404,quad 1
983,98.223326,quad 1
984,98.32324799999999,quad 1
985,98.42317,quad 1
986,98.52309199999999,quad 1
987,98.623014,quad 1
988,98.72293599999999,quad 1
989,98.822858,quad 1
990,98.92278,quad 1
991,99.022702,quad 1
992,99.122624,quad 1
993,99.222546,quad 1
994,99.322468,quad 1
995,99.42239,quad 1
996,99.522312,quad 1
997,99.62223399999999,quad 1
998,99.722156,quad 1
999,99.82207799999999,quad 1
1000,99.922,quad 1
1001,100.021922,quad 1
1002,100.121844,quad 1
1003,100.221766,quad 1
1004,100.321688,quad 1
1005,100.42161,quad 1
1006,100.521532,quad 1
1007,100.621454,quad 1
1008,100.72137599999999,quad 1
1009,100.821298,quad 1
1010,100.92121999999999,quad 1
1011,101.021142,quad 1
1012,101.12106399999999,quad 1
1013,101.220986,quad 1
1014,101.320908,quad 1
1015,101.42083,quad 1
1016,101.520752,quad 1
1017,101.620674,quad 1
1018,101.720596,quad 1
1019,101.82051799999999,quad 1
1020,101.92044,quad 1
1021,102.02036199999999,quad 1
1022,102.120284,quad 1
1023,102.22020599999999,quad 1
1024,102.320128,quad 1
1025,102.42005,quad 1
1026,102.519972,quad 1
1027,102.619894,quad 1
1028,102.719816,quad 1
1029,102.819738,quad 1
1030,102.91966,quad 1
1031,103.019582,quad 1
1032,103.11950399999999,quad 1
1033,103.219426,quad 1
1034,103.31934799999999,quad 1
1035,103.41927,quad 1
1036,103.519192,quad 1
1037,103.619114,quad 1
1038,103.719036,quad 1
1039,103.818958,quad 1
1040,103.91888,quad 1
1041,104.018802,quad 1
1042,104.118724,quad 1
1043,104.21864599999999,quad 1
1044,104.318568,quad 1
1045,104.41848999999999,quad 1
1046,104.518412,quad 1
1047,104.61833399999999,quad 1
1048,104.718256,quad 1
1049,104.818178,quad 1
1050,104.9181,quad 1
1051,105.018022,quad 1
1052,105.117944,quad 1
1053,105.217866,quad 1
1054,105.317788,quad 1
1055,105.41771,quad 1
1056,105.51763199999999,quad 1
1057,105.617554,quad 1
1058,105.71747599999999,quad 1
1059,105.817398,quad 1
1060,105.91732,quad 1
1061,106.017242,quad 1
1062,106.117164,quad 1
1063,106.217086,quad 1
1064,106.317008,quad 1
1065,106.41693,quad 1
1066,106.516852,quad 1
1067,106.61677399999999,quad 1
1068,106.716696,quad 1
1069,106.81661799999999,quad 1
1070,106.91654,quad 1
1071,107.01646199999999,quad 1
1072,107.116384,quad 1
1073,107.216306,quad 1
1074,107.316228,quad 1
1075,107.41615,quad 1
1076,107.516072,quad 1
1077,107.615994,quad 1
1078,107.71591599999999,quad 1
1079,107.815838,not_defined
1080,107.91575999999999,not_defined
1081,108.015682,not_defined
1082,108.11560399999999,not_defined
1083,108.215526,not_defined
1084,108.315448,not_defined
1085,108.41537,quad 4
1086,108.515292,quad 4
1087,108.615214,quad 4
1088,108.715136,quad 4
1089,108.815058,quad 4
1090,108.91498,quad 4
1091,109.01490199999999,quad 4
1092,109.114824,quad 4
1093,109.21474599999999,quad 4
1094,109.314668,quad 4
1095,109.41458999999999,quad 4
1096,109.514512,quad 4
1097,109.614434,quad 4
1098,109.714356,quad 4
1099,109.814278,quad 4
1100,109.9142,quad 4
1101,110.014122,quad 4
1102,110.11404399999999,quad 4
1103,110.213966,quad 4
1104,110.31388799999999,quad 4
1105,110.41381,quad 4
1106,110.51373199999999,quad 4
1107,110.613654,quad 4
1108,110.713576,quad 4
1109,110.813498,quad 4
1110,110.91342,quad 4
1111,111.013342,quad 4
1112,111.113264,quad 4
1113,111.213186,quad 4
1114,111.313108,quad 4
1115,111.41302999999999,quad 4
1116,111.512952,quad 4
1117,111.61287399999999,quad 4
1118,111.712796,quad 4
1119,111.81271799999999,quad 4
1120,111.91264,quad 4
1121,112.012562,quad 4
1122,112.112484,quad 4
1123,112.212406,quad 4
1124,112.312328,quad 4
1125,112.41225,quad 4
1126,112.51217199999999,quad 4
1127,112.612094,quad 4
1128,112.71201599999999,quad 4
1129,112.811938,quad 4
1130,112.91185999999999,quad 4
1131,113.011782,quad 4
1132,113.111704,quad 4
1133,113.211626,quad 4
1134,113.311548,quad 4
1135,113.41147,quad 4
1136,113.511392,quad 4
1137,113.611314,quad 4
1138,113.711236,quad 4
1139,113.81115799999999,quad 4
1140,113.91108,quad 4
1141,114.01100199999999,quad 4
1142,114.110924,quad 4
1143,114.21084599999999,quad 4
1144,114.310768,quad 4
1145,114.41069,quad 4
1146,114.510612,quad 4
1147,114.610534,quad 4
1148,114.710456,quad 4
1149,114.810378,quad 4
1150,114.91029999999999,quad 4
1151,115.010222,quad 4
1152,115.11014399999999,quad 4
1153,115.210066,quad 4
1154,115.30998799999999,quad 4
1155,115.40991,quad 4
1156,115.509832,quad 4
1157,115.609754,quad 4
1158,115.709676,quad 4
1159,115.809598,quad 4
1160,115.90952,quad 4
1161,116.00944199999999,quad 4
1162,116.109364,quad 4
1163,116.20928599999999,quad 4
1164,116.309208,quad 4
1165,116.40912999999999,quad 4
1166,116.509052,quad 4
1167,116.608974,quad 4
1168,116.708896,quad 4
1169,116.808818,quad 4
1170,116.90874,quad 4
1171,117.008662,quad 4
1172,117.108584,quad 4
1173,117.208506,quad 4
1174,117.30842799999999,quad 4
1175,117.40835,quad 4
1176,117.50827199999999,quad 4
1177,117.608194,quad 4
1178,117.70811599999999,quad 4
1179,117.808038,quad 4
1180,117.90796,quad 4
1181,118.007882,quad 4
1182,118.107804,quad 4
1183,118.207726,quad 4
1184,118.307648,quad 4
1185,118.40756999999999,quad 4
1186,118.507492,quad 4
1187,118.60741399999999,quad 4
1188,118.707336,quad 4
1189,118.80725799999999,quad 4
1190,118.90718,quad 4
1191,119.007102,quad 4
1192,119.107024,quad 4
1193,119.206946,quad 4
1194,119.306868,quad 4
1195,119.40679,quad 4
1196,119.506712,quad 4
1197,119.606634,quad 4
1198,119.70655599999999,quad 4
1199,119.806478,quad 4
1200,119.90639999999999,quad 4
1201,120.006322,quad 4
1202,120.10624399999999,quad 4
1203,120.206166,quad 4
1204,120.306088,quad 4
1205,120.40601,quad 4
1206,120.505932,quad 4
1207,120.605854,quad 4
1208,120.705776,quad 4
1209,120.80569799999999,quad 4
1210,120.90562,quad 4
1211,121.00554199999999,quad 4
1212,121.105464,quad 4
1213,121.20538599999999,quad 4
1214,121.305308,quad 4
1215,121.40523,quad 4
1216,121.505152,quad 4
1217,121.605074,quad 4
1218,121.704996,quad 4
1219,121.804918,quad 4
1220,121.90484,quad 4
1221,122.004762,quad 4
1222,122.10468399999999,quad 4
1223,122.204606,quad 4
1224,122.30452799999999,quad 4
1225,122.40445,quad 4
1226,122.50437199999999,quad 4
1227,122.604294,quad 4
1228,122.704216,quad 4
1229,122.804138,quad 4
1230,122.90406,quad 4
1231,123.003982,quad 4
1232,123.103904,quad 4
1233,123.20382599999999,quad 4
1234,123.303748,quad 4
1235,123.40366999999999,quad 4
1236,123.503592,quad 4
1237,123.60351399999999,quad 4
1238,123.703436,quad 4
1239,123.803358,quad 4
1240,123.90328,quad 4
1241,124.003202,quad 4
1242,124.103124,quad 4
1243,124.203046,quad 4
1244,124.30296799999999,quad 4
1245,124.40289,quad 4
1246,124.50281199999999,quad 4
1247,124.602734,quad 4
1248,124.70265599999999,quad 4
1249,124.802578,quad 4
1250,124.90249999999999,quad 4
1251,125.002422,quad 4
1252,125.102344,quad 4
1253,125.202266,quad 4
1254,125.302188,quad 4
1255,125.40211,quad 4
1256,125.502032,quad 4
1257,125.60195399999999,quad 4
1258,125.701876,quad 4
1259,125.80179799999999,quad 4
1260,125.90172,quad 4
1261,126.00164199999999,quad 4
1262,126.101564,quad 4
1263,126.201486,quad 4
1264,126.301408,quad 4
1265,126.40133,quad 4
1266,126.501252,quad 4
1267,126.601174,quad 4
1268,126.70109599999999,quad 4
1269,126.801018,quad 4
1270,126.90093999999999,quad 4
1271,127.000862,quad 4
1272,127.10078399999999,quad 4
1273,127.200706,not_defined
1274,127.30062799999999,not_defined
1275,127.40055,not_defined
1276,127.500472,not_defined
1277,127.600394,not_defined
1278,127.700316,not_defined
1279,127.800238,not_defined
1280,127.90016,not_defined
1281,128.000082,center
1282,128.10000399999998,center
1283,128.199926,center
1284,128.299848,center
1285,128.39977,center
1286,128.499692,center
1287,128.599614,center
1288,128.699536,center
1289,128.799458,center
1290,128.89938,center
1291,128.999302,center
1292,129.099224,center
1293,129.19914599999998,center
1294,129.299068,center
1295,129.39899,center
1296,129.498912,center
1297,129.59883399999998,center
1298,129.698756,center
1299,129.798678,center
1300,129.8986,center
1301,129.998522,center
1302,130.098444,center
1303,130.198366,center
1304,130.29828799999999,center
1305,130.39821,center
1306,130.498132,center
1307,130.598054,center
1308,130.69797599999998,center
1309,130.797898,center
1310,130.89782,center
1311,130.997742,center
1312,131.097664,center
1313,131.197586,center
1314,131.297508,center
1315,131.39742999999999,center
1316,131.497352,center
1317,131.597274,center
1318,131.697196,center
1319,131.79711799999998,center
1320,131.89704,center
1321,131.996962,center
1322,132.096884,center
1323,132.196806,center
1324,132.296728,center
1325,132.39665,center
1326,132.496572,center
1327,132.596494,center
1328,132.696416,center
1329,132.796338,center
1330,132.89625999999998,center
1331,132.996182,center
1332,133.096104,center
1333,133.196026,center
1334,133.295948,center
1335,133.39587,center
1336,133.495792,center
1337,133.595714,center
1338,133.695636,center
1339,133.795558,center
1340,133.89548,center
1341,133.99540199999998,center
1342,134.095324,center
1343,134.195246,center
1344,134.295168,center
1345,134.39508999999998,center
1346,134.495012,familiar object
1347,134.594934,familiar object
1348,134.694856,familiar object
1349,134.794778,familiar object
1350,134.8947,center
1351,134.994622,center
1352,135.09454399999998,center
1353,135.194466,center
1354,135.294388,center
1355,135.39431,center
1356,135.49423199999998,center
1357,135.594154,center
1358,135.694076,center
1359,135.793998,center
1360,135.89392,center
1361,135.993842,center
1362,136.093764,center
1363,136.19368599999999,center
1364,136.293608,center
1365,136.39353,center
1366,136.493452,center
1367,136.59337399999998,center
1368,136.693296,center
1369,136.793218,center
1370,136.89314,center
1371,136.993062,center
1372,137.092984,center
1373,137.192906,center
1374,137.292828,center
1375,137.39275,center
1376,137.492672,center
1377,137.592594,center
1378,137.69251599999998,center
1379,137.792438,center
1380,137.89236,center
1381,137.992282,center
1382,138.092204,familiar object
1383,138.192126,familiar object
1384,138.292048,familiar object
1385,138.39197,familiar object
1386,138.491892,familiar object
1387,138.591814,familiar object
1388,138.691736,familiar object
1389,138.79165799999998,quad 4
1390,138.89158,quad 4
1391,138.991502,quad 4
1392,139.091424,quad 4
1393,139.19134599999998,quad 4
1394,139.291268,quad 4
1395,139.39119,quad 4
1396,139.491112,quad 4
1397,139.591034,quad 4
1398,139.690956,quad 4
1399,139.790878,quad 4
1400,139.89079999999998,quad 4
1401,139.990722,quad 4
1402,140.090644,quad 4
1403,140.190566,familiar object
1404,140.29048799999998,familiar object
1405,140.39041,familiar object
1406,140.490332,familiar object
1407,140.590254,familiar object
1408,140.690176,familiar object
1409,140.790098,familiar object
1410,140.89002,familiar object
1411,140.98994199999999,familiar object
1412,141.089864,familiar object
1413,141.189786,familiar object
1414,141.289708,familiar object
1415,141.38962999999998,familiar object
1416,141.489552,familiar object
1417,141.589474,familiar object
1418,141.689396,familiar object
1419,141.789318,familiar object
1420,141.88924,familiar object
1421,141.989162,familiar object
1422,142.08908399999999,familiar object
1423,142.189006,familiar object
1424,142.288928,familiar object
1425,142.38885,familiar object
1426,142.48877199999998,familiar object
1427,142.588694,familiar object
1428,142.688616,familiar object
1429,142.788538,familiar object
1430,142.88846,familiar object
1431,142.988382,familiar object
1432,143.088304,familiar object
1433,143.188226,familiar object
1434,143.288148,familiar object
1435,143.38807,familiar object
1436,143.487992,familiar object
1437,143.58791399999998,familiar object
1438,143.687836,familiar object
1439,143.787758,familiar object
1440,143.88768,familiar object
1441,143.987602,familiar object
1442,144.087524,familiar object
1443,144.187446,familiar object
1444,144.287368,familiar object
1445,144.38729,familiar object
1446,144.487212,familiar object
1447,144.587134,familiar object
1448,144.68705599999998,familiar object
1449,144.786978,familiar object
1450,144.8869,familiar object
1451,144.986822,familiar object
1452,145.08674399999998,familiar object
1453,145.186666,familiar object
1454,145.286588,familiar object
1455,145.38651,familiar object
1456,145.486432,familiar object
1457,145.586354,familiar object
1458,145.686276,familiar object
1459,145.78619799999998,familiar object
1460,145.88612,familiar object
1461,145.986042,familiar object
1462,146.085964,familiar object
1463,146.18588599999998,familiar object
1464,146.285808,familiar object
1465,146.38573,familiar object
1466,146.485652,familiar object
1467,146.585574,quad 4
1468,146.685496,quad 4
1469,146.785418,quad 4
1470,146.88533999999999,quad 4
1471,146.985262,quad 4
1472,147.085184,quad 4
1473,147.185106,quad 4
1474,147.28502799999998,quad 4
1475,147.38495,quad 4
1476,147.484872,quad 4
1477,147.584794,quad 4
1478,147.684716,quad 4
1479,147.784638,quad 4
1480,147.88456,quad 4
1481,147.98448199999999,quad 4
1482,148.084404,quad 4
1483,148.184326,quad 4
1484,148.284248,quad 4
1485,148.38416999999998,quad 4
1486,148.484092,quad 4
1487,148.584014,quad 4
1488,148.683936,quad 4
1489,148.783858,quad 4
1490,148.88378,quad 4
1491,148.983702,quad 4
1492,149.083624,quad 4
1493,149.183546,quad 4
1494,149.283468,quad 4
1495,149.38339,quad 4
1496,149.48331199999998,quad 4
1497,149.583234,quad 4
1498,149.683156,quad 4
1499,149.783078,quad 4
1500,149.88299999999998,quad 4
1501,149.982922,quad 4
1502,150.082844,quad 4
1503,150.182766,quad 4
1504,150.282688,quad 4
1505,150.38261,familiar object
1506,150.482532,familiar object
1507,150.58245399999998,familiar object
1508,150.682376,familiar object
1509,150.782298,familiar object
1510,150.88222,familiar object
1511,150.98214199999998,familiar object
1512,151.082064,familiar object
1513,151.181986,familiar object
1514,151.281908,familiar object
1515,151.38183,quad 4
1516,151.481752,quad 4
1517,151.581674,quad 4
1518,151.68159599999998,quad 4
1519,151.781518,quad 4
1520,151.88144,quad 4
1521,151.981362,quad 4
1522,152.08128399999998,quad 4
1523,152.181206,quad 4
1524,152.281128,quad 4
1525,152.38105,quad 4
1526,152.480972,quad 4
1527,152.580894,quad 4
1528,152.680816,quad 4
1529,152.78073799999999,quad 4
1530,152.88066,quad 4
1531,152.980582,quad 4
1532,153.080504,quad 4
1533,153.18042599999998,quad 4
1534,153.280348,quad 4
1535,153.38027,quad 4
1536,153.480192,quad 4
1537,153.580114,familiar object
1538,153.680036,familiar object
1539,153.779958,familiar object
1540,153.87987999999999,familiar object
1541,153.979802,familiar object
1542,154.079724,familiar object
1543,154.179646,familiar object
1544,154.27956799999998,familiar object
1545,154.37949,familiar object
1546,154.479412,familiar object
1547,154.579334,familiar object
1548,154.679256,familiar object
1549,154.779178,familiar object
1550,154.8791,familiar object
1551,154.979022,familiar object
1552,155.078944,familiar object
1553,155.178866,familiar object
1554,155.278788,familiar object
1555,155.37870999999998,quad 4
1556,155.478632,quad 4
1557,155.578554,quad 4
1558,155.678476,quad 4
1559,155.77839799999998,quad 4
1560,155.87832,quad 4
1561,155.978242,quad 4
1562,156.078164,quad 4
1563,156.178086,quad 4
1564,156.278008,quad 4
1565,156.37793,quad 4
1566,156.47785199999998,quad 4
1567,156.577774,quad 4
1568,156.677696,quad 4
1569,156.777618,quad 4
1570,156.87753999999998,quad 4
1571,156.977462,quad 4
1572,157.077384,quad 4
1573,157.177306,quad 4
1574,157.277228,quad 4
1575,157.37715,quad 4
1576,157.477072,quad 4
1577,157.57699399999998,quad 4
1578,157.676916,quad 4
1579,157.776838,quad 4
1580,157.87676,quad 4
1581,157.97668199999998,quad 4
1582,158.076604,quad 4
1583,158.176526,quad 4
1584,158.276448,quad 4
1585,158.37637,quad 4
1586,158.476292,quad 4
1587,158.576214,quad 4
1588,158.67613599999999,quad 4
1589,158.776058,quad 4
1590,158.87598,quad 4
1591,158.975902,quad 4
1592,159.07582399999998,quad 4
1593,159.175746,quad 4
1594,159.275668,quad 4
1595,159.37559,quad 4
1596,159.475512,quad 4
1597,159.575434,quad 4
1598,159.675356,quad 4
1599,159.775278,quad 4
1600,159.8752,quad 4
1601,159.975122,not_defined
1602,160.075044,not_defined
1603,160.17496599999998,not_defined
1604,160.274888,not_defined
1605,160.37481,quad 1
1606,160.474732,quad 1
1607,160.57465399999998,quad 1
1608,160.674576,quad 1
1609,160.774498,quad 1
1610,160.87442,quad 1
1611,160.974342,quad 1
1612,161.074264,quad 1
1613,161.174186,quad 1
1614,161.27410799999998,quad 1
1615,161.37403,quad 1
1616,161.473952,quad 1
1617,161.573874,quad 1
1618,161.67379599999998,quad 1
1619,161.773718,quad 1
1620,161.87364,quad 1
1621,161.973562,quad 1
1622,162.073484,quad 1
1623,162.173406,quad 1
1624,162.273328,quad 1
1625,162.37324999999998,quad 1
1626,162.473172,quad 1
1627,162.573094,quad 1
1628,162.673016,quad 1
1629,162.77293799999998,quad 1
1630,162.87286,quad 1
1631,162.972782,quad 1
1632,163.072704,quad 1
1633,163.172626,quad 1
1634,163.272548,quad 1
1635,163.37247,quad 1
1636,163.47239199999999,quad 1
1637,163.572314,quad 1
1638,163.672236,quad 1
1639,163.772158,quad 1
1640,163.87207999999998,quad 1
1641,163.972002,quad 1
1642,164.071924,quad 1
1643,164.171846,quad 1
1644,164.271768,quad 1
1645,164.37169,quad 1
1646,164.471612,quad 1
1647,164.57153399999999,quad 1
1648,164.671456,quad 1
1649,164.771378,quad 1
1650,164.8713,quad 1
1651,164.97122199999998,quad 1
1652,165.071144,quad 1
1653,165.171066,quad 1
1654,165.270988,quad 1
1655,165.37090999999998,quad 1
1656,165.470832,quad 1
1657,165.570754,quad 1
1658,165.670676,quad 1
1659,165.770598,quad 1
1660,165.87052,quad 1
1661,165.970442,quad 1
1662,166.07036399999998,quad 1
1663,166.170286,quad 1
1664,166.270208,quad 1
1665,166.37013,quad 1
1666,166.47005199999998,quad 1
1667,166.569974,quad 1
1668,166.669896,quad 1
1669,166.769818,quad 1
1670,166.86974,quad 1
1671,166.969662,quad 1
1672,167.069584,quad 1
1673,167.16950599999998,quad 1
1674,167.269428,quad 1
1675,167.36935,quad 1
1676,167.469272,quad 1
1677,167.56919399999998,quad 1
1678,167.669116,quad 1
1679,167.769038,quad 1
1680,167.86896,quad 1
1681,167.968882,quad 1
1682,168.068804,quad 1
1683,168.168726,quad 1
1684,168.26864799999998,quad 1
1685,168.36857,quad 1
1686,168.468492,quad 1
1687,168.568414,quad 1
1688,168.66833599999998,quad 1
1689,168.768258,quad 1
1690,168.86818,quad 1
1691,168.968102,quad 1
1692,169.068024,quad 1
1693,169.167946,quad 1
1694,169.267868,quad 1
1695,169.36778999999999,quad 1
1696,169.467712,quad 1
1697,169.567634,quad 1
1698,169.667556,quad 1
1699,169.76747799999998,quad 1
1700,169.8674,quad 1
1701,169.967322,quad 1
1702,170.067244,quad 1
1703,170.167166,quad 1
1704,170.267088,quad 1
1705,170.36701,quad 1
1706,170.46693199999999,quad 1
1707,170.566854,quad 1
1708,170.666776,quad 1
1709,170.766698,quad 1
1710,170.86661999999998,quad 1
1711,170.966542,quad 1
1712,171.066464,quad 1
1713,171.166386,quad 1
1714,171.26630799999998,quad 1
1715,171.36623,quad 1
1716,171.466152,quad 1
1717,171.566074,quad 1
1718,171.665996,quad 1
1719,171.765918,quad 1
1720,171.86584,quad 1
1721,171.96576199999998,quad 1
1722,172.065684,quad 1
1723,172.165606,quad 1
1724,172.265528,quad 1
1725,172.36544999999998,quad 1
1726,172.465372,quad 1
1727,172.565294,quad 1
1728,172.665216,quad 1
1729,172.765138,quad 1
1730,172.86506,quad 1
1731,172.964982,quad 1
1732,173.06490399999998,quad 1
1733,173.164826,quad 1
1734,173.264748,quad 1
1735,173.36467,quad 1
1736,173.46459199999998,quad 1
1737,173.564514,quad 1
1738,173.664436,quad 1
1739,173.764358,quad 1
1740,173.86428,quad 1
1741,173.964202,quad 1
1742,174.064124,quad 1
1743,174.16404599999998,quad 1
1744,174.263968,quad 1
1745,174.36389,quad 1
1746,174.463812,quad 1
1747,174.56373399999998,quad 1
1748,174.663656,quad 1
1749,174.763578,quad 1
1750,174.8635,quad 1
1751,174.963422,quad 1
1752,175.063344,quad 1
1753,175.163266,quad 1
1754,175.26318799999999,quad 1
1755,175.36311,quad 1
1756,175.463032,quad 1
1757,175.562954,quad 1
1758,175.66287599999998,quad 1
1759,175.762798,quad 1
1760,175.86272,quad 1
1761,175.962642,quad 1
1762,176.06256399999998,quad 1
1763,176.162486,quad 1
1764,176.262408,quad 1
1765,176.36233,quad 1
1766,176.462252,quad 1
1767,176.562174,quad 1
1768,176.662096,quad 1
1769,176.76201799999998,quad 1
1770,176.86194,quad 1
1771,176.961862,quad 1
1772,177.061784,quad 1
1773,177.16170599999998,quad 1
1774,177.261628,quad 1
1775,177.36155,quad 1
1776,177.461472,quad 1
1777,177.561394,quad 1
1778,177.661316,quad 1
1779,177.761238,quad 1
1780,177.86115999999998,quad 1
1781,177.961082,quad 1
1782,178.061004,quad 1
1783,178.160926,quad 1
1784,178.26084799999998,quad 1
1785,178.36077,quad 1
1786,178.460692,quad 1
1787,178.560614,quad 1
1788,178.660536,quad 1
1789,178.760458,quad 1
1790,178.86038,quad 1
1791,178.96030199999998,quad 1
1792,179.060224,quad 1
1793,179.160146,quad 1
1794,179.260068,quad 1
1795,179.35998999999998,quad 1
1796,179.459912,quad 1
1797,179.559834,quad 1
1798,179.659756,quad 1
1799,179.759678,quad 1
1800,179.8596,quad 1
1801,179.959522,quad 1
1802,180.05944399999998,quad 1
1803,180.159366,quad 1
1804,180.259288,quad 1
1805,180.35921,quad 1
1806,180.45913199999998,quad 1
1807,180.559054,quad 1
1808,180.658976,quad 1
1809,180.758898,quad 1
1810,180.85882,quad 1
1811,180.958742,quad 1
1812,181.058664,quad 1
1813,181.15858599999999,quad 1
1814,181.258508,quad 1
1815,181.35843,quad 1
1816,181.458352,quad 1
1817,181.55827399999998,quad 1
1818,181.658196,quad 1
1819,181.758118,quad 1
1820,181.85804,quad 1
1821,181.95796199999998,quad 1
1822,182.057884,quad 1
1823,182.157806,quad 1
1824,182.257728,quad 1
1825,182.35765,quad 1
1826,182.457572,quad 1
1827,182.557494,quad 1
1828,182.65741599999998,quad 1
1829,182.757338,quad 1
1830,182.85726,quad 1
1831,182.957182,quad 1
1832,183.05710399999998,quad 1
1833,183.157026,quad 1
1834,183.256948,quad 1
1835,183.35687,quad 1
1836,183.456792,quad 1
1837,183.556714,quad 1
1838,183.656636,quad 1
1839,183.75655799999998,quad 1
1840,183.85648,quad 1
1841,183.956402,quad 1
1842,184.056324,quad 1
1843,184.15624599999998,quad 1
1844,184.256168,quad 1
1845,184.35609,quad 1
1846,184.456012,quad 1
1847,184.555934,quad 1
1848,184.655856,quad 1
1849,184.755778,quad 1
1850,184.85569999999998,quad 1
1851,184.955622,quad 1
1852,185.055544,quad 1
1853,185.155466,quad 1
1854,185.25538799999998,quad 1
1855,185.35531,quad 1
1856,185.455232,quad 1
1857,185.555154,quad 1
1858,185.655076,quad 1
1859,185.754998,quad 1
1860,185.85492,quad 1
1861,185.95484199999999,quad 1
1862,186.054764,quad 1
1863,186.154686,quad 1
1864,186.254608,quad 1
1865,186.35452999999998,quad 1
1866,186.454452,quad 1
1867,186.554374,quad 1
1868,186.654296,quad 1
1869,186.75421799999998,quad 1
1870,186.85414,quad 1
1871,186.954062,quad 1
1872,187.05398399999999,quad 1
1873,187.153906,quad 1
1874,187.253828,quad 1
1875,187.35375,quad 1
1876,187.45367199999998,quad 1
1877,187.553594,quad 1
1878,187.653516,quad 1
1879,187.753438,quad 1
1880,187.85335999999998,quad 1
1881,187.953282,quad 1
1882,188.053204,quad 1
1883,188.153126,quad 1
1884,188.253048,quad 1
1885,188.35297,quad 1
1886,188.452892,quad 1
1887,188.55281399999998,quad 1
1888,188.652736,quad 1
1889,188.752658,quad 1
1890,188.85258,quad 1
1891,188.95250199999998,quad 1
1892,189.052424,quad 1
1893,189.152346,quad 1
1894,189.252268,quad 1
1895,189.35219,quad 1
1896,189.452112,quad 1
1897,189.552034,quad 1
1898,189.65195599999998,quad 1
1899,189.751878,quad 1
1900,189.8518,quad 1
1901,189.951722,quad 1
1902,190.05164399999998,quad 1
1903,190.151566,quad 1
1904,190.251488,quad 1
1905,190.35141,quad 1
1906,190.451332,quad 1
1907,190.551254,quad 1
1908,190.651176,quad 1
1909,190.75109799999998,quad 1
1910,190.85102,quad 1
1911,190.950942,quad 1
1912,191.050864,quad 1
1913,191.15078599999998,quad 1
1914,191.250708,quad 1
1915,191.35063,quad 1
1916,191.450552,quad 1
1917,191.55047399999998,quad 1
1918,191.650396,quad 1
1919,191.750318,quad 1
1920,191.85023999999999,quad 1
1921,191.950162,quad 1
1922,192.050084,quad 1
1923,192.150006,quad 1
1924,192.24992799999998,quad 1
1925,192.34985,quad 1
1926,192.449772,quad 1
1927,192.549694,quad 1
1928,192.64961599999998,quad 1
1929,192.749538,quad 1
1930,192.84946,quad 1
1931,192.94938199999999,quad 1
1932,193.049304,quad 1
1933,193.149226,quad 1
1934,193.249148,quad 1
1935,193.34906999999998,quad 1
1936,193.448992,quad 1
1937,193.548914,quad 1
1938,193.648836,quad 1
1939,193.74875799999998,quad 1
1940,193.84868,quad 1
1941,193.948602,quad 1
1942,194.048524,quad 1
1943,194.148446,quad 1
1944,194.248368,quad 1
1945,194.34829,quad 1
1946,194.44821199999998,quad 1
1947,194.548134,quad 1
1948,194.648056,quad 1
1949,194.747978,quad 1
1950,194.84789999999998,quad 1
1951,194.947822,quad 1
1952,195.047744,quad 1
1953,195.147666,quad 1
1954,195.247588,quad 1
1955,195.34751,quad 1
1956,195.447432,quad 1
1957,195.54735399999998,quad 1
1958,195.647276,quad 1
1959,195.747198,quad 1
1960,195.84712,quad 1
1961,195.94704199999998,quad 1
1962,196.046964,quad 1
1963,196.146886,quad 1
1964,196.246808,quad 1
1965,196.34673,quad 1
1966,196.446652,quad 1
1967,196.546574,quad 1
1968,196.64649599999998,quad 1
1969,196.746418,quad 1
1970,196.84634,quad 1
1971,196.946262,quad 1
1972,197.04618399999998,quad 1
1973,197.146106,quad 1
1974,197.246028,quad 1
1975,197.34595,quad 1
1976,197.44587199999998,quad 1
1977,197.545794,quad 1
1978,197.645716,quad 1
1979,197.74563799999999,quad 1
1980,197.84556,quad 1
1981,197.945482,quad 1
1982,198.045404,quad 1
1983,198.14532599999998,quad 1
1984,198.245248,quad 1
1985,198.34517,quad 1
1986,198.445092,quad 1
1987,198.54501399999998,quad 1
1988,198.644936,quad 1
1989,198.744858,quad 1
1990,198.84478,quad 1
1991,198.944702,quad 1
1992,199.044624,quad 1
1993,199.144546,quad 1
1994,199.24446799999998,quad 1
1995,199.34439,quad 1
1996,199.444312,quad 1
1997,199.544234,quad 1
1998,199.64415599999998,quad 1
1999,199.744078,quad 1
2000,199.844,quad 1
2001,199.943922,quad 1
2002,200.043844,quad 1
2003,200.143766,quad 1
2004,200.243688,quad 1
2005,200.34360999999998,quad 1
2006,200.443532,quad 1
2007,200.543454,quad 1
2008,200.643376,quad 1
2009,200.74329799999998,quad 1
2010,200.84322,quad 1
2011,200.943142,quad 1
2012,201.043064,quad 1
2013,201.142986,quad 1
2014,201.242908,quad 1
2015,201.34283,quad 1
2016,201.44275199999998,quad 1
2017,201.542674,quad 1
2018,201.642596,quad 1
2019,201.742518,quad 1
2020,201.84243999999998,quad 1
2021,201.942362,quad 1
2022,202.042284,quad 1
2023,202.142206,quad 1
2024,202.24212799999998,quad 1
2025,202.34205,quad 1
2026,202.441972,quad 1
2027,202.54189399999998,quad 1
2028,202.641816,quad 1
2029,202.741738,quad 1
2030,202.84166,quad 1
2031,202.94158199999998,quad 1
2032,203.041504,quad 1
2033,203.141426,quad 1
2034,203.241348,quad 1
2035,203.34126999999998,quad 1
2036,203.441192,quad 1
2037,203.541114,quad 1
2038,203.64103599999999,quad 1
2039,203.740958,quad 1
2040,203.84088,quad 1
2041,203.940802,quad 1
2042,204.04072399999998,quad 1
2043,204.140646,quad 1
2044,204.240568,quad 1
2045,204.34049,quad 1
2046,204.44041199999998,quad 1
2047,204.540334,quad 1
2048,204.640256,quad 1
2049,204.740178,quad 1
2050,204.8401,quad 1
2051,204.940022,quad 1
2052,205.039944,quad 1
2053,205.13986599999998,quad 1
2054,205.239788,quad 1
2055,205.33971,quad 1
2056,205.439632,quad 1
2057,205.53955399999998,quad 1
2058,205.639476,quad 1
2059,205.739398,quad 1
2060,205.83932,quad 1
2061,205.939242,quad 1
2062,206.039164,quad 1
2063,206.139086,quad 1
2064,206.23900799999998,quad 1
2065,206.33893,quad 1
2066,206.438852,quad 1
2067,206.538774,quad 1
2068,206.63869599999998,quad 1
2069,206.738618,quad 1
2070,206.83854,quad 1
2071,206.938462,quad 1
2072,207.038384,quad 1
2073,207.138306,quad 1
2074,207.238228,quad 1
2075,207.33814999999998,quad 1
2076,207.438072,quad 1
2077,207.537994,quad 1
2078,207.637916,quad 1
2079,207.73783799999998,quad 1
2080,207.83776,quad 1
2081,207.937682,quad 1
2082,208.037604,quad 1
2083,208.13752599999998,quad 1
2084,208.237448,quad 1
2085,208.33737,quad 1
2086,208.43729199999999,quad 1
2087,208.537214,quad 1
2088,208.637136,quad 1
2089,208.737058,quad 1
2090,208.83697999999998,quad 1
2091,208.936902,quad 1
2092,209.036824,quad 1
2093,209.136746,quad 1
2094,209.23666799999998,quad 1
2095,209.33659,quad 1
2096,209.436512,quad 1
2097,209.53643399999999,quad 1
2098,209.636356,quad 1
2099,209.736278,quad 1
2100,209.8362,quad 1
2101,209.93612199999998,quad 1
2102,210.036044,quad 1
2103,210.135966,quad 1
2104,210.235888,quad 1
2105,210.33580999999998,quad 1
2106,210.435732,quad 1
2107,210.535654,quad 1
2108,210.635576,quad 1
2109,210.735498,quad 1
2110,210.83542,quad 1
2111,210.935342,quad 1
2112,211.03526399999998,quad 1
2113,211.135186,quad 1
2114,211.235108,quad 1
2115,211.33503,quad 1
2116,211.43495199999998,quad 1
2117,211.534874,quad 1
2118,211.634796,quad 1
2119,211.734718,quad 1
2120,211.83464,quad 1
2121,211.934562,quad 1
2122,212.034484,quad 1
2123,212.13440599999998,quad 1
2124,212.234328,quad 1
2125,212.33425,quad 1
2126,212.434172,quad 1
2127,212.53409399999998,quad 1
2128,212.634016,quad 1
2129,212.733938,quad 1
2130,212.83386,quad 1
2131,212.93378199999998,quad 1
2132,213.033704,quad 1
2133,213.133626,quad 1
2134,213.23354799999998,quad 1
2135,213.33347,quad 1
2136,213.433392,quad 1
2137,213.533314,quad 1
2138,213.63323599999998,quad 1
2139,213.733158,quad 1
2140,213.83308,quad 1
2141,213.933002,quad 1
2142,214.03292399999998,quad 1
2143,214.132846,quad 1
2144,214.232768,quad 1
2145,214.33268999999999,quad 1
2146,214.432612,quad 1
2147,214.532534,quad 1
2148,214.632456,quad 1
2149,214.73237799999998,quad 1
2150,214.8323,quad 1
2151,214.932222,quad 1
2152,215.032144,quad 1
2153,215.13206599999998,quad 1
2154,215.231988,quad 1
2155,215.33191,quad 1
2156,215.43183199999999,quad 1
2157,215.531754,quad 1
2158,215.631676,quad 1
2159,215.731598,quad 1
2160,215.83151999999998,quad 1
2161,215.931442,quad 1
2162,216.031364,quad 1
2163,216.131286,quad 1
2164,216.23120799999998,quad 1
2165,216.33113,quad 1
2166,216.431052,quad 1
2167,216.530974,quad 1
2168,216.630896,quad 1
2169,216.730818,quad 1
2170,216.83074,quad 1
2171,216.93066199999998,quad 1
2172,217.030584,quad 1
2173,217.130506,quad 1
2174,217.230428,quad 1
2175,217.33034999999998,quad 1
2176,217.430272,quad 1
2177,217.530194,quad 1
2178,217.630116,quad 1
2179,217.730038,quad 1
2180,217.82996,quad 1
2181,217.929882,quad 1
2182,218.02980399999998,quad 1
2183,218.129726,quad 1
2184,218.229648,quad 1
2185,218.32957,quad 1
2186,218.42949199999998,quad 1
2187,218.529414,quad 1
2188,218.629336,quad 1
2189,218.729258,quad 1
2190,218.82917999999998,quad 1
2191,218.929102,quad 1
2192,219.029024,quad 1
2193,219.12894599999998,quad 1
2194,219.228868,quad 1
2195,219.32879,quad 1
2196,219.428712,quad 1
2197,219.52863399999998,quad 1
2198,219.628556,quad 1
2199,219.728478,quad 1
2200,219.8284,quad 1
2201,219.92832199999998,quad 1
2202,220.028244,quad 1
2203,220.128166,quad 1
2204,220.22808799999999,quad 1
2205,220.32801,quad 1
2206,220.427932,quad 1
2207,220.527854,quad 1
2208,220.62777599999998,quad 1
2209,220.727698,quad 1
2210,220.82762,quad 1
2211,220.927542,quad 1
2212,221.02746399999998,quad 1
2213,221.127386,quad 1
2214,221.227308,quad 1
2215,221.32723,quad 1
2216,221.427152,quad 1
2217,221.527074,quad 1
2218,221.626996,quad 1
2219,221.72691799999998,quad 1
2220,221.82684,quad 1
2221,221.926762,quad 1
2222,222.026684,quad 1
2223,222.12660599999998,quad 1
2224,222.226528,quad 1
2225,222.32645,quad 1
2226,222.426372,quad 1
2227,222.526294,quad 1
2228,222.626216,quad 1
2229,222.726138,quad 1
2230,222.82605999999998,quad 1
2231,222.925982,quad 1
2232,223.025904,quad 1
2233,223.125826,quad 1
2234,223.22574799999998,quad 1
2235,223.32567,quad 1
2236,223.425592,quad 1
2237,223.525514,quad 1
2238,223.62543599999998,quad 1
2239,223.725358,quad 1
2240,223.82528,quad 1
2241,223.92520199999998,quad 1
2242,224.025124,quad 1
2243,224.125046,quad 1
2244,224.224968,quad 1
2245,224.32488999999998,quad 1
2246,224.424812,quad 1
2247,224.524734,quad 1
2248,224.624656,quad 1
2249,224.72457799999998,quad 1
2250,224.8245,quad 1
2251,224.924422,quad 1
2252,225.02434399999999,quad 1
2253,225.124266,quad 1
2254,225.224188,quad 1
2255,225.32411,quad 1
2256,225.42403199999998,quad 1
2257,225.523954,quad 1
2258,225.623876,quad 1
2259,225.723798,quad 1
2260,225.82371999999998,quad 1
2261,225.923642,quad 1
2262,226.023564,quad 1
2263,226.12348599999999,quad 1
2264,226.223408,quad 1
2265,226.32333,quad 1
2266,226.423252,quad 1
2267,226.52317399999998,quad 1
2268,226.623096,quad 1
2269,226.723018,quad 1
2270,226.82294,quad 1
2271,226.92286199999998,quad 1
2272,227.022784,quad 1
2273,227.122706,quad 1
2274,227.222628,quad 1
2275,227.32255,quad 1
2276,227.422472,quad 1
2277,227.522394,quad 1
2278,227.62231599999998,quad 1
2279,227.722238,quad 1
2280,227.82216,quad 1
2281,227.922082,quad 1
2282,228.02200399999998,quad 1
2283,228.121926,quad 1
2284,228.221848,quad 1
2285,228.32177,quad 1
2286,228.42169199999998,quad 1
2287,228.521614,quad 1
2288,228.621536,quad 1
2289,228.72145799999998,quad 1
2290,228.82138,quad 1
2291,228.921302,quad 1
2292,229.021224,quad 1
2293,229.12114599999998,quad 1
2294,229.221068,quad 1
2295,229.32099,quad 1
2296,229.420912,quad 1
2297,229.52083399999998,quad 1
2298,229.620756,quad 1
2299,229.720678,quad 1
2300,229.82059999999998,quad 1
2301,229.920522,quad 1
2302,230.020444,quad 1
2303,230.120366,quad 1
2304,230.22028799999998,quad 1
2305,230.32021,quad 1
2306,230.420132,quad 1
2307,230.520054,quad 1
2308,230.61997599999998,quad 1
2309,230.719898,quad 1
2310,230.81982,quad 1
2311,230.91974199999999,quad 1
2312,231.019664,quad 1
2313,231.119586,quad 1
2314,231.219508,quad 1
2315,231.31942999999998,quad 1
2316,231.419352,quad 1
2317,231.519274,quad 1
2318,231.619196,quad 1
2319,231.71911799999998,quad 1
2320,231.81904,quad 1
2321,231.918962,quad 1
2322,232.01888399999999,quad 1
2323,232.118806,quad 1
2324,232.218728,quad 1
2325,232.31865,quad 1
2326,232.41857199999998,quad 1
2327,232.518494,quad 1
2328,232.618416,quad 1
2329,232.718338,quad 1
2330,232.81825999999998,quad 1
2331,232.918182,quad 1
2332,233.018104,quad 1
2333,233.118026,quad 1
2334,233.217948,quad 1
2335,233.31787,quad 1
2336,233.417792,quad 1
2337,233.51771399999998,quad 1
2338,233.617636,quad 1
2339,233.717558,quad 1
2340,233.81748,quad 1
2341,233.91740199999998,quad 1
2342,234.017324,quad 1
2343,234.117246,quad 1
2344,234.217168,quad 1
2345,234.31708999999998,quad 1
2346,234.417012,quad 1
2347,234.516934,quad 1
2348,234.61685599999998,quad 1
2349,234.716778,quad 1
2350,234.8167,quad 1
2351,234.916622,quad 1
2352,235.01654399999998,quad 1
2353,235.116466,quad 1
2354,235.216388,quad 1
2355,235.31631,quad 1
2356,235.41623199999998,quad 1
2357,235.516154,quad 1
2358,235.616076,quad 1
2359,235.71599799999998,quad 1
2360,235.81592,quad 1
2361,235.915842,quad 1
2362,236.015764,quad 1
2363,236.11568599999998,quad 1
2364,236.215608,quad 1
2365,236.31553,quad 1
2366,236.415452,quad 1
2367,236.51537399999998,quad 1
2368,236.615296,quad 1
2369,236.715218,quad 1
2370,236.81513999999999,quad 1
2371,236.915062,quad 1
2372,237.014984,quad 1
2373,237.114906,quad 1
2374,237.21482799999998,quad 1
2375,237.31475,quad 1
2376,237.414672,quad 1
2377,237.514594,quad 1
2378,237.61451599999998,quad 1
2379,237.714438,quad 1
2380,237.81436,quad 1
2381,237.914282,quad 1
2382,238.014204,quad 1
2383,238.114126,quad 1
2384,238.214048,quad 1
2385,238.31396999999998,quad 1
2386,238.413892,quad 1
2387,238.513814,quad 1
2388,238.613736,quad 1
2389,238.71365799999998,quad 1
2390,238.81358,quad 1
2391,238.913502,quad 1
2392,239.013424,quad 1
2393,239.11334599999998,quad 1
2394,239.213268,quad 1
2395,239.31319,quad 1
2396,239.41311199999998,quad 1
2397,239.513034,quad 1
2398,239.612956,quad 1
2399,239.712878,quad 1
2400,239.81279999999998,quad 1
2401,239.912722,quad 1
2402,240.012644,quad 1
2403,240.112566,quad 1
2404,240.21248799999998,quad 1
2405,240.31241,quad 1
2406,240.412332,quad 1
2407,240.51225399999998,quad 1
2408,240.612176,quad 1
2409,240.712098,quad 1
2410,240.81202,quad 1
2411,240.91194199999998,quad 1
2412,241.011864,quad 1
2413,241.111786,quad 1
2414,241.211708,quad 1
2415,241.31162999999998,quad 1
2416,241.411552,quad 1
2417,241.511474,quad 1
2418,241.61139599999998,quad 1
2419,241.711318,quad 1
2420,241.81124,quad 1
2421,241.911162,quad 1
2422,242.01108399999998,quad 1
2423,242.111006,quad 1
2424,242.210928,quad 1
2425,242.31085,quad 1
2426,242.41077199999998,quad 1
2427,242.510694,quad 1
2428,242.610616,quad 1
2429,242.71053799999999,quad 1
2430,242.81046,quad 1
2431,242.910382,quad 1
2432,243.010304,quad 1
2433,243.11022599999998,quad 1
2434,243.210148,quad 1
2435,243.31007,quad 1
2436,243.409992,quad 1
2437,243.50991399999998,quad 1
2438,243.609836,quad 1
2439,243.709758,quad 1
2440,243.80968,quad 1
2441,243.909602,quad 1
2442,244.009524,quad 1
2443,244.109446,quad 1
2444,244.20936799999998,quad 1
2445,244.30929,quad 1
2446,244.409212,quad 1
2447,244.509134,quad 1
2448,244.60905599999998,quad 1
2449,244.708978,quad 1
2450,244.8089,quad 1
2451,244.908822,quad 1
2452,245.00874399999998,quad 1
2453,245.108666,quad 1
2454,245.208588,quad 1
2455,245.30850999999998,quad 1
2456,245.408432,quad 1
2457,245.508354,quad 1
2458,245.608276,quad 1
2459,245.70819799999998,quad 1
2460,245.80812,quad 1
2461,245.908042,quad 1
2462,246.007964,quad 1
2463,246.10788599999998,quad 1
2464,246.207808,quad 1
2465,246.30773,quad 1
2466,246.40765199999998,quad 1
2467,246.507574,quad 1
2468,246.607496,quad 1
2469,246.707418,quad 1
2470,246.80733999999998,quad 1
2471,246.907262,quad 1
2472,247.007184,quad 1
2473,247.107106,quad 1
2474,247.20702799999998,quad 1
2475,247.30695,quad 1
2476,247.406872,quad 1
2477,247.50679399999999,quad 1
2478,247.606716,quad 1
2479,247.706638,quad 1
2480,247.80656,quad 1
2481,247.90648199999998,quad 1
2482,248.006404,quad 1
2483,248.106326,quad 1
2484,248.206248,quad 1
2485,248.30616999999998,quad 1
2486,248.406092,quad 1
2487,248.506014,quad 1
2488,248.60593599999999,quad 1
2489,248.705858,quad 1
2490,248.80578,quad 1
2491,248.905702,quad 1
2492,249.00562399999998,quad 1
2493,249.105546,quad 1
2494,249.205468,quad 1
2495,249.30539,quad 1
2496,249.40531199999998,quad 1
2497,249.505234,quad 1
2498,249.605156,quad 1
2499,249.705078,quad 1
2500,249.80499999999998,quad 1
2501,249.904922,quad 1
2502,250.004844,quad 1
2503,250.10476599999998,quad 1
2504,250.204688,quad 1
2505,250.30461,quad 1
2506,250.404532,quad 1
2507,250.50445399999998,quad 1
2508,250.604376,quad 1
2509,250.704298,quad 1
2510,250.80422,quad 1
2511,250.90414199999998,quad 1
2512,251.004064,quad 1
2513,251.103986,quad 1
2514,251.20390799999998,quad 1
2515,251.30383,quad 1
2516,251.403752,quad 1
2517,251.503674,quad 1
2518,251.60359599999998,quad 1
2519,251.703518,quad 1
2520,251.80344,quad 1
2521,251.903362,quad 1
2522,252.00328399999998,quad 1
2523,252.103206,quad 1
2524,252.203128,quad 1
2525,252.30304999999998,quad 1
2526,252.402972,quad 1
2527,252.502894,quad 1
2528,252.602816,quad 1
2529,252.70273799999998,quad 1
2530,252.80266,quad 1
2531,252.902582,quad 1
2532,253.002504,quad 1
2533,253.10242599999998,quad 1
2534,253.202348,quad 1
2535,253.30227,quad 1
2536,253.40219199999999,quad 1
2537,253.502114,quad 1
2538,253.602036,quad 1
2539,253.701958,quad 1
2540,253.80187999999998,quad 1
2541,253.901802,quad 1
2542,254.001724,quad 1
2543,254.101646,quad 1
2544,254.20156799999998,quad 1
2545,254.30149,quad 1
2546,254.401412,quad 1
2547,254.50133399999999,quad 1
2548,254.60125599999998,quad 1
2549,254.701178,quad 1
2550,254.8011,quad 1
2551,254.90102199999998,quad 1
2552,255.000944,quad 1
2553,255.100866,quad 1
2554,255.200788,quad 1
2555,255.30070999999998,quad 1
2556,255.400632,quad 1
2557,255.500554,quad 1
2558,255.600476,quad 1
2559,255.70039799999998,quad 1
2560,255.80032,quad 1
2561,255.900242,quad 1
2562,256.000164,quad 1
2563,256.100086,quad 1
2564,256.20000799999997,quad 1
2565,256.29993,quad 1
2566,256.399852,quad 1
2567,256.499774,quad 1
2568,256.599696,quad 1
2569,256.699618,quad 1
2570,256.79954,quad 1
2571,256.89946199999997,quad 1
2572,256.999384,quad 1
2573,257.099306,quad 1
2574,257.199228,quad 1
2575,257.29915,quad 1
2576,257.399072,quad 1
2577,257.498994,quad 1
2578,257.598916,quad 1
2579,257.69883799999997,quad 1
2580,257.79876,quad 1
2581,257.898682,quad 1
2582,257.998604,quad 1
2583,258.098526,quad 1
2584,258.198448,quad 1
2585,258.29837,quad 1
2586,258.39829199999997,quad 1
2587,258.498214,quad 1
2588,258.598136,quad 1
2589,258.698058,quad 1
2590,258.79798,quad 1
2591,258.897902,quad 1
2592,258.997824,quad 1
2593,259.097746,quad 1
2594,259.19766799999996,quad 1
2595,259.29759,quad 1
2596,259.397512,quad 1
2597,259.497434,quad 1
2598,259.597356,quad 1
2599,259.697278,quad 1
2600,259.7972,quad 1
2601,259.89712199999997,quad 1
2602,259.997044,quad 1
2603,260.096966,quad 1
2604,260.196888,quad 1
2605,260.29681,quad 1
2606,260.396732,quad 1
2607,260.496654,quad 1
2608,260.59657599999997,quad 1
2609,260.696498,quad 1
2610,260.79642,quad 1
2611,260.896342,quad 1
2612,260.996264,quad 1
2613,261.096186,quad 1
2614,261.196108,quad 1
2615,261.29603,quad 1
2616,261.39595199999997,quad 1
2617,261.495874,quad 1
2618,261.595796,quad 1
2619,261.695718,quad 1
2620,261.79564,quad 1
2621,261.895562,quad 1
2622,261.995484,quad 1
2623,262.09540599999997,quad 1
2624,262.195328,quad 1
2625,262.29525,quad 1
2626,262.395172,quad 1
2627,262.495094,quad 1
2628,262.595016,quad 1
2629,262.694938,quad 1
2630,262.79485999999997,quad 1
2631,262.89478199999996,quad 1
2632,262.994704,quad 1
2633,263.094626,quad 1
2634,263.194548,quad 1
2635,263.29447,quad 1
2636,263.394392,quad 1
2637,263.494314,quad 1
2638,263.59423599999997,quad 1
2639,263.694158,quad 1
2640,263.79408,quad 1
2641,263.894002,quad 1
2642,263.993924,quad 1
2643,264.093846,quad 1
2644,264.193768,quad 1
2645,264.29368999999997,quad 1
2646,264.393612,quad 1
2647,264.493534,quad 1
2648,264.593456,quad 1
2649,264.693378,quad 1
2650,264.7933,quad 1
2651,264.893222,quad 1
2652,264.993144,quad 1
2653,265.09306599999996,quad 1
2654,265.192988,quad 1
2655,265.29291,quad 1
2656,265.392832,quad 1
2657,265.492754,quad 1
2658,265.592676,quad 1
2659,265.692598,quad 1
2660,265.79251999999997,quad 1
2661,265.892442,quad 1
2662,265.992364,quad 1
2663,266.092286,quad 1
2664,266.192208,quad 1
2665,266.29213,quad 1
2666,266.392052,quad 1
2667,266.49197399999997,quad 1
2668,266.591896,quad 1
2669,266.691818,quad 1
2670,266.79174,quad 1
2671,266.891662,quad 1
2672,266.991584,quad 1
2673,267.091506,quad 1
2674,267.191428,quad 1
2675,267.29134999999997,quad 1
2676,267.391272,quad 1
2677,267.491194,quad 1
2678,267.591116,quad 1
2679,267.691038,quad 1
2680,267.79096,quad 1
2681,267.890882,quad 1
2682,267.99080399999997,quad 1
2683,268.090726,quad 1
2684,268.190648,quad 1
2685,268.29057,quad 1
2686,268.390492,quad 1
2687,268.490414,quad 1
2688,268.590336,quad 1
2689,268.690258,quad 1
2690,268.79017999999996,quad 1
2691,268.890102,quad 1
2692,268.990024,quad 1
2693,269.089946,quad 1
2694,269.189868,quad 1
2695,269.28979,quad 1
2696,269.389712,quad 1
2697,269.48963399999997,quad 1
2698,269.589556,quad 1
2699,269.689478,quad 1
2700,269.7894,quad 1
2701,269.889322,quad 1
2702,269.989244,quad 1
2703,270.089166,quad 1
2704,270.18908799999997,quad 1
2705,270.28901,quad 1
2706,270.388932,quad 1
2707,270.488854,quad 1
2708,270.588776,quad 1
2709,270.688698,quad 1
2710,270.78862,quad 1
2711,270.888542,quad 1
2712,270.98846399999996,quad 1
2713,271.088386,quad 1
2714,271.188308,quad 1
2715,271.28823,quad 1
2716,271.388152,quad 1
2717,271.488074,quad 1
2718,271.587996,quad 1
2719,271.68791799999997,quad 1
2720,271.78784,quad 1
2721,271.887762,quad 1
2722,271.987684,quad 1
2723,272.087606,quad 1
2724,272.187528,quad 1
2725,272.28745,quad 1
2726,272.38737199999997,quad 1
2727,272.487294,quad 1
2728,272.587216,quad 1
2729,272.687138,quad 1
2730,272.78706,quad 1
2731,272.886982,quad 1
2732,272.986904,quad 1
2733,273.086826,quad 1
2734,273.18674799999997,quad 1
2735,273.28667,quad 1
2736,273.386592,quad 1
2737,273.486514,quad 1
2738,273.586436,quad 1
2739,273.686358,quad 1
2740,273.78628,quad 1
2741,273.88620199999997,quad 1
2742,273.986124,quad 1
2743,274.086046,quad 1
2744,274.185968,quad 1
2745,274.28589,quad 1
2746,274.385812,quad 1
2747,274.485734,quad 1
2748,274.585656,quad 1
2749,274.68557799999996,quad 1
2750,274.7855,quad 1
2751,274.885422,quad 1
2752,274.985344,quad 1
2753,275.085266,quad 1
2754,275.185188,quad 1
2755,275.28511,quad 1
2756,275.38503199999997,quad 1
2757,275.484954,quad 1
2758,275.584876,quad 1
2759,275.684798,quad 1
2760,275.78472,quad 1
2761,275.884642,quad 1
2762,275.984564,quad 1
2763,276.08448599999997,quad 1
2764,276.184408,quad 1
2765,276.28433,quad 1
2766,276.384252,quad 1
2767,276.484174,quad 1
2768,276.584096,quad 1
2769,276.684018,quad 1
2770,276.78394,quad 1
2771,276.88386199999997,quad 1
2772,276.983784,quad 1
2773,277.083706,quad 1
2774,277.183628,quad 1
2775,277.28355,quad 1
2776,277.383472,quad 1
2777,277.483394,quad 1
2778,277.58331599999997,quad 1
2779,277.683238,quad 1
2780,277.78316,quad 1
2781,277.883082,quad 1
2782,277.983004,quad 1
2783,278.082926,quad 1
2784,278.182848,quad 1
2785,278.28276999999997,quad 1
2786,278.38269199999996,quad 1
2787,278.482614,quad 1
2788,278.582536,quad 1
2789,278.682458,quad 1
2790,278.78238,quad 1
2791,278.882302,quad 1
2792,278.982224,quad 1
2793,279.08214599999997,quad 1
2794,279.182068,quad 1
2795,279.28199,quad 1
2796,279.381912,quad 1
2797,279.481834,quad 1
2798,279.581756,quad 1
2799,279.681678,quad 1
2800,279.78159999999997,quad 1
2801,279.881522,quad 1
2802,279.981444,quad 1
2803,280.081366,quad 1
2804,280.181288,quad 1
2805,280.28121,quad 1
2806,280.381132,quad 1
2807,280.481054,quad 1
2808,280.58097599999996,quad 1
2809,280.680898,quad 1
2810,280.78082,quad 1
2811,280.880742,quad 1
2812,280.980664,quad 1
2813,281.080586,quad 1
2814,281.180508,quad 1
2815,281.28042999999997,quad 1
2816,281.380352,quad 1
2817,281.480274,quad 1
2818,281.580196,quad 1
2819,281.680118,quad 1
2820,281.78004,quad 1
2821,281.879962,quad 1
2822,281.97988399999997,quad 1
2823,282.079806,quad 1
2824,282.179728,quad 1
2825,282.27965,quad 1
2826,282.379572,quad 1
2827,282.479494,quad 1
2828,282.579416,quad 1
2829,282.679338,quad 1
2830,282.77925999999997,quad 1
2831,282.879182,quad 1
2832,282.979104,quad 1
2833,283.079026,quad 1
2834,283.178948,quad 1
2835,283.27887,quad 1
2836,283.378792,quad 1
2837,283.47871399999997,quad 1
2838,283.578636,quad 1
2839,283.678558,quad 1
2840,283.77848,quad 1
2841,283.878402,quad 1
2842,283.978324,quad 1
2843,284.078246,quad 1
2844,284.17816799999997,quad 1
2845,284.27808999999996,quad 1
2846,284.378012,quad 1
2847,284.477934,quad 1
2848,284.577856,quad 1
2849,284.677778,quad 1
2850,284.7777,quad 1
2851,284.877622,quad 1
2852,284.97754399999997,quad 1
2853,285.077466,quad 1
2854,285.177388,quad 1
2855,285.27731,quad 1
2856,285.377232,quad 1
2857,285.477154,quad 1
2858,285.577076,quad 1
2859,285.67699799999997,quad 1
2860,285.77692,quad 1
2861,285.876842,quad 1
2862,285.976764,quad 1
2863,286.076686,quad 1
2864,286.176608,quad 1
2865,286.27653,quad 1
2866,286.376452,quad 1
2867,286.47637399999996,quad 1
2868,286.576296,quad 1
2869,286.676218,quad 1
2870,286.77614,quad 1
2871,286.876062,quad 1
2872,286.975984,quad 1
2873,287.075906,quad 1
2874,287.17582799999997,quad 1
2875,287.27575,quad 1
2876,287.375672,quad 1
2877,287.475594,quad 1
2878,287.575516,quad 1
2879,287.675438,quad 1
2880,287.77536,quad 1
2881,287.87528199999997,quad 1
2882,287.975204,quad 1
2883,288.075126,quad 1
2884,288.175048,quad 1
2885,288.27497,quad 1
2886,288.374892,quad 1
2887,288.474814,quad 1
2888,288.574736,quad 1
2889,288.67465799999997,quad 1
2890,288.77458,quad 1
2891,288.874502,quad 1
2892,288.974424,quad 1
2893,289.074346,quad 1
2894,289.174268,quad 1
2895,289.27419,quad 1
2896,289.37411199999997,quad 1
2897,289.474034,quad 1
2898,289.573956,quad 1
2899,289.673878,quad 1
2900,289.7738,quad 1
2901,289.873722,quad 1
2902,289.973644,quad 1
2903,290.07356599999997,quad 1
2904,290.17348799999996,quad 1
2905,290.27341,quad 1
2906,290.373332,quad 1
2907,290.473254,quad 1
2908,290.573176,quad 1
2909,290.673098,quad 1
2910,290.77302,quad 1
2911,290.87294199999997,quad 1
2912,290.972864,quad 1
2913,291.072786,quad 1
2914,291.172708,quad 1
2915,291.27263,quad 1
2916,291.372552,quad 1
2917,291.472474,quad 1
2918,291.57239599999997,quad 1
2919,291.672318,quad 1
2920,291.77224,quad 1
2921,291.872162,quad 1
2922,291.972084,quad 1
2923,292.072006,quad 1
2924,292.171928,quad 1
2925,292.27185,quad 1
2926,292.37177199999996,quad 1
2927,292.471694,quad 1
2928,292.571616,quad 1
2929,292.671538,quad 1
2930,292.77146,quad 1
2931,292.871382,quad 1
2932,292.971304,quad 1
2933,293.07122599999997,quad 1
2934,293.171148,quad 1
2935,293.27107,quad 1
2936,293.370992,quad 1
2937,293.470914,quad 1
2938,293.570836,quad 1
2939,293.670758,quad 1
2940,293.77067999999997,quad 1
2941,293.87060199999996,quad 1
2942,293.970524,quad 1
2943,294.070446,quad 1
2944,294.170368,quad 1
2945,294.27029,quad 1
2946,294.370212,quad 1
2947,294.470134,quad 1
2948,294.57005599999997,quad 1
2949,294.669978,quad 1
2950,294.7699,quad 1
2951,294.869822,quad 1
2952,294.969744,quad 1
2953,295.069666,quad 1
2954,295.169588,quad 1
2955,295.26950999999997,quad 1
2956,295.369432,quad 1
2957,295.469354,quad 1
2958,295.569276,quad 1
2959,295.669198,quad 1
2960,295.76912,quad 1
2961,295.869042,quad 1
2962,295.96896399999997,quad 1
2963,296.06888599999996,quad 1
2964,296.168808,quad 1
2965,296.26873,quad 1
2966,296.368652,quad 1
2967,296.468574,quad 1
2968,296.568496,quad 1
2969,296.668418,quad 1
2970,296.76833999999997,quad 1
2971,296.868262,quad 1
2972,296.968184,quad 1
2973,297.068106,quad 1
2974,297.168028,quad 1
2975,297.26795,quad 1
2976,297.367872,quad 1
2977,297.46779399999997,quad 1
2978,297.567716,quad 1
2979,297.667638,quad 1
2980,297.76756,quad 1
2981,297.867482,quad 1
2982,297.967404,quad 1
2983,298.067326,quad 1
2984,298.167248,quad 1
2985,298.26716999999996,quad 2
2986,298.367092,quad 2
2987,298.467014,quad 2
2988,298.566936,quad 2
2989,298.666858,quad 2
2990,298.76678,quad 2
2991,298.866702,quad 2
2992,298.96662399999997,quad 1
2993,299.066546,quad 1
2994,299.166468,quad 1
2995,299.26639,quad 1
2996,299.366312,quad 1
2997,299.466234,quad 1
2998,299.566156,quad 1
2999,299.66607799999997,quad 1
3000,299.76599999999996,quad 1
3001,299.865922,quad 1
3002,299.965844,quad 1
3003,300.065766,quad 1
3004,300.165688,quad 1
3005,300.26561,quad 1
3006,300.365532,quad 1
3007,300.46545399999997,quad 1
3008,300.565376,quad 1
3009,300.665298,quad 1
3010,300.76522,quad 1
3011,300.865142,quad 1
3012,300.965064,quad 1
3013,301.064986,quad 1
3014,301.16490799999997,quad 1
3015,301.26483,quad 1
3016,301.364752,quad 1
3017,301.464674,quad 1
3018,301.564596,quad 1
3019,301.664518,quad 1
3020,301.76444,quad 1
3021,301.86436199999997,quad 1
3022,301.96428399999996,quad 1
3023,302.064206,quad 1
3024,302.164128,quad 1
3025,302.26405,quad 1
3026,302.363972,quad 1
3027,302.463894,quad 1
3028,302.563816,quad 1
3029,302.66373799999997,quad 1
3030,302.76366,quad 1
3031,302.863582,quad 1
3032,302.963504,quad 1
3033,303.063426,quad 1
3034,303.163348,quad 1
3035,303.26327,quad 1
3036,303.36319199999997,quad 1
3037,303.463114,quad 1
3038,303.563036,quad 1
3039,303.662958,quad 1
3040,303.76288,quad 1
3041,303.862802,quad 1
3042,303.962724,quad 1
3043,304.062646,quad 1
3044,304.16256799999996,quad 1
3045,304.26249,quad 1
3046,304.362412,quad 1
3047,304.462334,quad 1
3048,304.562256,quad 1
3049,304.662178,quad 1
3050,304.7621,quad 1
3051,304.86202199999997,quad 1
3052,304.961944,quad 1
3053,305.061866,quad 1
3054,305.161788,quad 1
3055,305.26171,quad 1
3056,305.361632,quad 1
3057,305.461554,quad 1
3058,305.56147599999997,quad 1
3059,305.66139799999996,quad 1
3060,305.76132,quad 1
3061,305.861242,quad 1
3062,305.961164,quad 1
3063,306.061086,quad 1
3064,306.161008,quad 1
3065,306.26093,quad 1
3066,306.36085199999997,quad 1
3067,306.460774,quad 1
3068,306.560696,quad 1
3069,306.660618,quad 1
3070,306.76054,quad 1
3071,306.860462,quad 1
3072,306.960384,quad 1
3073,307.06030599999997,quad 1
3074,307.160228,quad 1
3075,307.26015,quad 1
3076,307.360072,quad 1
3077,307.459994,quad 1
3078,307.559916,quad 1
3079,307.659838,quad 1
3080,307.75975999999997,quad 1
3081,307.85968199999996,quad 1
3082,307.959604,quad 1
3083,308.059526,quad 1
3084,308.159448,quad 1
3085,308.25937,quad 1
3086,308.359292,quad 1
3087,308.459214,quad 1
3088,308.55913599999997,quad 1
3089,308.659058,quad 1
3090,308.75898,quad 1
3091,308.858902,quad 1
3092,308.958824,quad 1
3093,309.058746,quad 1
3094,309.158668,quad 1
3095,309.25858999999997,quad 1
3096,309.358512,quad 1
3097,309.458434,quad 1
3098,309.558356,quad 1
3099,309.658278,quad 1
3100,309.7582,quad 1
3101,309.858122,quad 1
3102,309.958044,quad 1
3103,310.05796599999996,quad 1
3104,310.157888,quad 1
3105,310.25781,quad 1
3106,310.357732,quad 1
3107,310.457654,quad 1
3108,310.557576,quad 1
3109,310.657498,quad 1
3110,310.75741999999997,quad 1
3111,310.857342,quad 1
3112,310.957264,quad 1
3113,311.057186,quad 1
3114,311.157108,quad 1
3115,311.25703,quad 1
3116,311.356952,quad 1
3117,311.45687399999997,quad 1
3118,311.55679599999996,quad 1
3119,311.656718,quad 1
3120,311.75664,quad 1
3121,311.856562,quad 1
3122,311.956484,quad 1
3123,312.056406,quad 1
3124,312.156328,quad 1
3125,312.25624999999997,quad 1
3126,312.356172,quad 1
3127,312.456094,quad 1
3128,312.556016,quad 1
3129,312.655938,quad 1
3130,312.75586,quad 1
3131,312.855782,quad 1
3132,312.95570399999997,quad 1
3133,313.055626,quad 1
3134,313.155548,quad 1
3135,313.25547,quad 1
3136,313.355392,quad 1
3137,313.455314,quad 1
3138,313.555236,quad 1
3139,313.655158,quad 1
3140,313.75507999999996,quad 1
3141,313.855002,quad 1
3142,313.954924,quad 1
3143,314.054846,quad 1
3144,314.154768,quad 1
3145,314.25469,quad 1
3146,314.354612,quad 1
3147,314.45453399999997,quad 1
3148,314.554456,quad 1
3149,314.654378,quad 1
3150,314.7543,quad 1
3151,314.854222,quad 1
3152,314.954144,quad 1
3153,315.054066,quad 1
3154,315.15398799999997,quad 1
3155,315.25390999999996,quad 1
3156,315.353832,quad 1
3157,315.453754,not_defined
3158,315.553676,not_defined
3159,315.653598,not_defined
3160,315.75352,center
3161,315.853442,center
3162,315.95336399999997,center
3163,316.053286,center
3164,316.153208,center
3165,316.25313,center
3166,316.353052,center
3167,316.452974,center
3168,316.552896,center
3169,316.65281799999997,center
3170,316.75274,center
3171,316.852662,center
3172,316.952584,center
3173,317.052506,center
3174,317.152428,center
3175,317.25235,center
3176,317.35227199999997,center
3177,317.45219399999996,center
3178,317.552116,center
3179,317.652038,center
3180,317.75196,center
3181,317.851882,center
3182,317.951804,center
3183,318.051726,center
3184,318.15164799999997,center
3185,318.25157,center
3186,318.351492,center
3187,318.451414,center
3188,318.551336,center
3189,318.651258,center
3190,318.75118,center
3191,318.85110199999997,center
3192,318.951024,center
3193,319.050946,center
3194,319.150868,center
3195,319.25079,center
3196,319.350712,center
3197,319.450634,center
3198,319.550556,center
3199,319.65047799999996,center
3200,319.7504,center
3201,319.850322,center
3202,319.950244,center
3203,320.050166,center
3204,320.150088,center
3205,320.25001,center
3206,320.34993199999997,center
3207,320.449854,center
3208,320.549776,center
3209,320.649698,center
3210,320.74962,center
3211,320.849542,center
3212,320.949464,center
3213,321.04938599999997,center
3214,321.14930799999996,center
3215,321.24923,center
3216,321.349152,center
3217,321.449074,center
3218,321.548996,center
3219,321.648918,center
3220,321.74884,center
3221,321.84876199999997,center
3222,321.948684,center
3223,322.048606,center
3224,322.148528,center
3225,322.24845,center
3226,322.348372,center
3227,322.448294,center
3228,322.54821599999997,center
3229,322.648138,center
3230,322.74806,center
3231,322.847982,center
3232,322.947904,center
3233,323.047826,center
3234,323.147748,center
3235,323.24766999999997,center
3236,323.34759199999996,center
3237,323.447514,center
3238,323.547436,center
3239,323.647358,center
3240,323.74728,center
3241,323.847202,center
3242,323.947124,center
3243,324.04704599999997,center
3244,324.146968,center
3245,324.24689,center
3246,324.346812,center
3247,324.446734,center
3248,324.546656,center
3249,324.646578,center
3250,324.74649999999997,center
3251,324.846422,center
3252,324.946344,center
3253,325.046266,center
3254,325.146188,center
3255,325.24611,center
3256,325.346032,center
3257,325.445954,center
3258,325.54587599999996,center
3259,325.645798,center
3260,325.74572,center
3261,325.845642,center
3262,325.945564,center
3263,326.045486,center
3264,326.145408,center
3265,326.24532999999997,center
3266,326.345252,center
3267,326.445174,center
3268,326.545096,center
3269,326.645018,center
3270,326.74494,center
3271,326.844862,center
3272,326.94478399999997,center
3273,327.04470599999996,center
3274,327.144628,center
3275,327.24455,center
3276,327.344472,center
3277,327.444394,center
3278,327.544316,center
3279,327.644238,center
3280,327.74415999999997,center
3281,327.844082,center
3282,327.944004,center
3283,328.043926,center
3284,328.143848,center
3285,328.24377,center
3286,328.343692,center
3287,328.44361399999997,center
3288,328.543536,center
3289,328.643458,center
3290,328.74338,center
3291,328.843302,center
3292,328.943224,center
3293,329.043146,center
3294,329.14306799999997,center
3295,329.24298999999996,center
3296,329.342912,center
3297,329.442834,center
3298,329.542756,center
3299,329.642678,center
3300,329.7426,center
3301,329.842522,center
3302,329.94244399999997,center
3303,330.042366,center
3304,330.142288,center
3305,330.24221,center
3306,330.342132,center
3307,330.442054,center
3308,330.541976,center
3309,330.64189799999997,center
3310,330.74181999999996,center
3311,330.841742,center
3312,330.941664,center
3313,331.041586,center
3314,331.141508,center
3315,331.24143,center
3316,331.341352,center
3317,331.44127399999996,center
3318,331.541196,center
3319,331.641118,center
3320,331.74104,center
3321,331.840962,center
3322,331.940884,center
3323,332.040806,center
3324,332.14072799999997,center
3325,332.24065,center
3326,332.340572,center
3327,332.440494,center
3328,332.540416,center
3329,332.640338,center
3330,332.74026,center
3331,332.84018199999997,center
3332,332.94010399999996,center
3333,333.040026,center
3334,333.139948,center
3335,333.23987,center
3336,333.339792,center
3337,333.439714,center
3338,333.539636,center
3339,333.63955799999997,center
3340,333.73948,center
3341,333.839402,center
3342,333.939324,center
3343,334.039246,center
3344,334.139168,center
3345,334.23909,center
3346,334.33901199999997,center
3347,334.438934,center
3348,334.538856,center
3349,334.638778,center
3350,334.7387,center
3351,334.838622,center
3352,334.938544,center
3353,335.03846599999997,center
3354,335.13838799999996,center
3355,335.23831,center
3356,335.338232,center
3357,335.438154,center
3358,335.538076,center
3359,335.637998,center
3360,335.73792,center
3361,335.83784199999997,center
3362,335.937764,center
3363,336.037686,center
3364,336.137608,center
3365,336.23753,center
3366,336.337452,center
3367,336.437374,center
3368,336.53729599999997,center
3369,336.63721799999996,center
3370,336.73714,center
3371,336.837062,center
3372,336.936984,center
3373,337.036906,center
3374,337.136828,center
3375,337.23675,center
3376,337.33667199999996,center
3377,337.436594,center
3378,337.536516,center
3379,337.636438,center
3380,337.73636,center
3381,337.836282,center
3382,337.936204,center
3383,338.03612599999997,center
3384,338.136048,center
3385,338.23597,center
3386,338.335892,center
3387,338.435814,center
3388,338.535736,center
3389,338.635658,center
3390,338.73557999999997,center
3391,338.83550199999996,center
3392,338.935424,center
3393,339.035346,center
3394,339.135268,center
3395,339.23519,center
3396,339.335112,center
3397,339.435034,center
3398,339.53495599999997,center
3399,339.634878,center
3400,339.7348,center
3401,339.834722,center
3402,339.934644,center
3403,340.034566,center
3404,340.134488,center
3405,340.23440999999997,center
3406,340.334332,center
3407,340.434254,center
3408,340.534176,center
3409,340.634098,center
3410,340.73402,not_defined
3411,340.833942,not_defined
3412,340.93386399999997,not_defined
3413,341.03378599999996,not_defined
3414,341.133708,not_defined
3415,341.23363,not_defined
3416,341.333552,not_defined
3417,341.433474,not_defined
3418,341.533396,not_defined
3419,341.633318,not_defined
3420,341.73323999999997,not_defined
3421,341.833162,not_defined
3422,341.933084,not_defined
3423,342.033006,not_defined
3424,342.132928,not_defined
3425,342.23285,quad 1
3426,342.332772,quad 1
3427,342.43269399999997,quad 1
3428,342.53261599999996,quad 1
3429,342.632538,quad 1
3430,342.73246,quad 1
3431,342.832382,quad 1
3432,342.932304,quad 1
3433,343.032226,quad 1
3434,343.132148,quad 1
3435,343.23206999999996,quad 1
3436,343.331992,quad 1
3437,343.431914,quad 1
3438,343.531836,quad 1
3439,343.631758,quad 1
3440,343.73168,quad 1
3441,343.831602,quad 1
3442,343.93152399999997,quad 1
3443,344.031446,quad 1
3444,344.131368,quad 1
3445,344.23129,quad 1
3446,344.331212,quad 1
3447,344.431134,quad 1
3448,344.531056,quad 1
3449,344.63097799999997,quad 1
3450,344.73089999999996,quad 1
3451,344.830822,quad 1
3452,344.930744,quad 1
3453,345.030666,quad 1
3454,345.130588,quad 1
3455,345.23051,quad 1
3456,345.330432,quad 1
3457,345.43035399999997,quad 1
3458,345.530276,quad 1
3459,345.630198,quad 1
3460,345.73012,quad 1
3461,345.830042,quad 1
3462,345.929964,quad 1
3463,346.029886,quad 1
3464,346.12980799999997,quad 1
3465,346.22973,quad 1
3466,346.329652,quad 1
3467,346.429574,quad 1
3468,346.529496,quad 1
3469,346.629418,quad 1
3470,346.72934,quad 1
3471,346.82926199999997,quad 1
3472,346.92918399999996,quad 1
3473,347.029106,quad 1
3474,347.129028,quad 1
3475,347.22895,quad 1
3476,347.328872,quad 1
3477,347.428794,quad 1
3478,347.528716,quad 1
3479,347.62863799999997,quad 1
3480,347.72856,quad 1
3481,347.828482,quad 1
3482,347.928404,quad 1
3483,348.028326,quad 1
3484,348.128248,quad 1
3485,348.22817,quad 1
3486,348.32809199999997,quad 1
3487,348.42801399999996,quad 1
3488,348.527936,quad 1
3489,348.627858,quad 1
3490,348.72778,quad 1
3491,348.827702,quad 1
3492,348.927624,quad 1
3493,349.027546,quad 1
3494,349.12746799999996,quad 1
3495,349.22739,quad 1
3496,349.327312,quad 1
3497,349.427234,quad 1
3498,349.527156,quad 1
3499,349.627078,quad 1
3500,349.727,quad 1
3501,349.82692199999997,quad 1
3502,349.926844,quad 1
3503,350.026766,quad 1
3504,350.126688,quad 1
3505,350.22661,quad 1
3506,350.326532,quad 1
3507,350.426454,quad 1
3508,350.52637599999997,quad 1
3509,350.62629799999996,quad 1
3510,350.72622,quad 1
3511,350.826142,quad 1
3512,350.926064,quad 1
3513,351.025986,quad 1
3514,351.125908,quad 1
3515,351.22583,quad 1
3516,351.32575199999997,quad 1
3517,351.425674,quad 1
3518,351.525596,quad 1
3519,351.625518,quad 1
3520,351.72544,quad 1
3521,351.825362,quad 1
3522,351.925284,quad 1
3523,352.02520599999997,quad 1
3524,352.12512799999996,quad 1
3525,352.22505,quad 1
3526,352.324972,quad 1
3527,352.424894,quad 1
3528,352.524816,quad 1
3529,352.624738,quad 1
3530,352.72466,quad 1
3531,352.82458199999996,quad 1
3532,352.924504,quad 1
3533,353.024426,quad 1
3534,353.124348,quad 1
3535,353.22427,quad 1
3536,353.324192,quad 1
3537,353.424114,quad 1
3538,353.52403599999997,quad 1
3539,353.623958,quad 1
3540,353.72388,quad 1
3541,353.823802,quad 1
3542,353.923724,quad 1
3543,354.023646,quad 1
3544,354.123568,quad 1
3545,354.22348999999997,quad 1
3546,354.32341199999996,quad 1
3547,354.423334,quad 1
3548,354.523256,quad 1
3549,354.623178,quad 1
3550,354.7231,quad 1
3551,354.823022,quad 1
3552,354.922944,quad 1
3553,355.02286599999996,quad 1
3554,355.122788,quad 1
3555,355.22271,quad 1
3556,355.322632,quad 1
3557,355.422554,quad 1
3558,355.522476,quad 1
3559,355.622398,quad 1
3560,355.72231999999997,quad 1
3561,355.822242,quad 1
3562,355.922164,quad 1
3563,356.022086,quad 1
3564,356.122008,quad 1
3565,356.22193,quad 1
3566,356.321852,quad 1
3567,356.42177399999997,quad 1
3568,356.52169599999996,quad 1
3569,356.621618,quad 1
3570,356.72154,quad 1
3571,356.821462,quad 1
3572,356.921384,quad 1
3573,357.021306,quad 1
3574,357.121228,quad 1
3575,357.22114999999997,quad 1
3576,357.321072,quad 1
3577,357.420994,quad 1
3578,357.520916,quad 1
3579,357.620838,quad 1
3580,357.72076,quad 1
3581,357.820682,quad 1
3582,357.92060399999997,quad 1
3583,358.02052599999996,quad 1
3584,358.120448,quad 1
3585,358.22037,quad 1
3586,358.320292,quad 1
3587,358.420214,quad 1
3588,358.520136,quad 1
3589,358.620058,quad 1
3590,358.71997999999996,quad 1
3591,358.819902,quad 1
3592,358.919824,quad 1
3593,359.019746,quad 1
3594,359.119668,quad 1
3595,359.21959,quad 1
3596,359.319512,quad 1
3597,359.41943399999997,quad 1
3598,359.519356,quad 1
3599,359.619278,quad 1
3600,359.7192,quad 1
3601,359.819122,quad 1
3602,359.919044,quad 1
3603,360.018966,quad 1
3604,360.11888799999997,quad 1
3605,360.21880999999996,quad 1
3606,360.318732,quad 1
3607,360.418654,quad 1
3608,360.518576,quad 1
3609,360.618498,quad 1
3610,360.71842,quad 1
3611,360.818342,quad 1
3612,360.91826399999997,quad 1
3613,361.018186,quad 1
3614,361.118108,quad 1
3615,361.21803,quad 1
3616,361.317952,quad 1
3617,361.417874,quad 1
3618,361.517796,quad 1
3619,361.61771799999997,quad 1
3620,361.71764,quad 1
3621,361.817562,quad 1
3622,361.917484,quad 1
3623,362.017406,quad 1
3624,362.117328,quad 1
3625,362.21725,quad 1
3626,362.31717199999997,quad 1
3627,362.41709399999996,quad 1
3628,362.517016,quad 1
3629,362.616938,quad 1
3630,362.71686,quad 1
3631,362.816782,quad 1
3632,362.916704,quad 1
3633,363.016626,quad 1
3634,363.11654799999997,quad 1
3635,363.21647,quad 1
3636,363.316392,quad 1
3637,363.416314,quad 1
3638,363.516236,quad 1
3639,363.616158,quad 1
3640,363.71608,quad 1
3641,363.81600199999997,quad 1
3642,363.91592399999996,quad 1
3643,364.015846,quad 1
3644,364.115768,quad 1
3645,364.21569,quad 1
3646,364.315612,quad 1
3647,364.415534,quad 1
3648,364.515456,quad 1
3649,364.61537799999996,quad 1
3650,364.7153,quad 1
3651,364.815222,quad 1
3652,364.915144,quad 1
3653,365.015066,quad 1
3654,365.114988,quad 1
3655,365.21491,quad 1
3656,365.31483199999997,quad 1
3657,365.414754,quad 1
3658,365.514676,quad 1
3659,365.614598,quad 1
3660,365.71452,quad 1
3661,365.814442,quad 1
3662,365.914364,quad 1
3663,366.01428599999997,quad 1
3664,366.11420799999996,quad 1
3665,366.21413,quad 1
3666,366.314052,quad 1
3667,366.413974,quad 1
3668,366.513896,quad 1
3669,366.613818,quad 1
3670,366.71374,quad 1
3671,366.81366199999997,quad 1
3672,366.913584,quad 1
3673,367.013506,quad 1
3674,367.113428,quad 1
3675,367.21335,quad 1
3676,367.313272,quad 1
3677,367.413194,quad 1
3678,367.51311599999997,quad 1
3679,367.61303799999996,quad 1
3680,367.71296,quad 1
3681,367.812882,quad 1
3682,367.912804,quad 1
3683,368.012726,quad 1
3684,368.112648,quad 1
3685,368.21256999999997,quad 1
3686,368.31249199999996,quad 1
3687,368.412414,quad 1
3688,368.512336,quad 1
3689,368.612258,quad 1
3690,368.71218,quad 1
3691,368.812102,quad 1
3692,368.912024,quad 1
3693,369.01194599999997,quad 1
3694,369.111868,quad 1
3695,369.21179,quad 1
3696,369.311712,quad 1
3697,369.411634,quad 1
3698,369.511556,quad 1
3699,369.611478,quad 1
3700,369.71139999999997,quad 1
3701,369.81132199999996,quad 1
3702,369.911244,quad 1
3703,370.011166,quad 1
3704,370.111088,quad 1
3705,370.21101,quad 1
3706,370.310932,quad 1
3707,370.410854,quad 1
3708,370.51077599999996,quad 1
3709,370.610698,quad 1
3710,370.71062,quad 1
3711,370.810542,quad 1
3712,370.910464,quad 1
3713,371.010386,quad 1
3714,371.110308,quad 1
3715,371.21022999999997,quad 1
3716,371.310152,quad 1
3717,371.410074,quad 1
3718,371.509996,quad 1
3719,371.609918,quad 1
3720,371.70984,quad 1
3721,371.809762,quad 1
3722,371.90968399999997,quad 1
3723,372.00960599999996,quad 1
3724,372.109528,quad 1
3725,372.20945,quad 1
3726,372.309372,quad 1
3727,372.409294,quad 1
3728,372.509216,quad 1
3729,372.609138,quad 1
3730,372.70905999999997,quad 1
3731,372.808982,quad 1
3732,372.908904,quad 1
3733,373.008826,quad 1
3734,373.108748,quad 1
3735,373.20867,quad 1
3736,373.308592,quad 1
3737,373.40851399999997,quad 1
3738,373.50843599999996,quad 1
3739,373.608358,quad 1
3740,373.70828,quad 1
3741,373.808202,quad 1
3742,373.908124,quad 1
3743,374.008046,quad 1
3744,374.10796799999997,quad 1
3745,374.20788999999996,quad 1
3746,374.307812,quad 1
3747,374.407734,quad 1
