time,state
0.0,other
0.0320141315460205,other
0.0679841041564941,other
0.1000120639801025,other
0.132012128829956,other
0.1679840087890625,other
0.2000079154968261,other
0.2320060729980468,other
0.2680199146270752,other
0.3000440597534179,other
0.3320510387420654,other
0.3680191040039062,other
0.4000489711761474,other
0.4320600032806396,other
0.4680180549621582,other
0.5000450611114502,other
0.5320370197296143,other
0.5680150985717773,other
0.600045919418335,other
0.632072925567627,other
0.6680190563201904,other
0.7000429630279541,move
0.7320489883422852,move
0.7680239677429199,move
0.800055980682373,move
0.832042932510376,move
0.8680379390716553,move
0.9000630378723145,move
0.9320390224456788,move
0.968034029006958,move
1.0000479221343994,move
1.03204607963562,move
1.068037986755371,move
1.1000380516052246,move
1.1320531368255615,move
1.168031930923462,move
1.2000439167022705,move
1.232051134109497,move
1.267996072769165,move
1.2999870777130127,move
1.3320059776306152,move
1.368006944656372,move
1.3999929428100586,move
1.4319980144500732,move
1.46799898147583,move
1.500010967254639,move
1.5319831371307373,move
1.5679891109466553,move
1.5999979972839355,move
1.632012128829956,move
1.6679871082305908,move
1.6999919414520264,move
1.73199200630188,move
1.7679829597473145,move
1.7999799251556396,move
1.8319969177246087,move
1.8679940700531008,move
1.899986982345581,other
1.931999921798706,other
1.9679961204528809,other
1.9999921321868896,other
2.0320029258728027,other
2.0679941177368164,other
2.10001802444458,other
2.131995916366577,other
2.168008089065552,other
2.200002908706665,other
2.232017040252685,other
2.2681031227111816,other
2.300110101699829,other
2.332123041152954,other
2.368093013763428,other
2.4001080989837646,other
2.4321091175079346,other
2.4680991172790527,other
2.5001020431518555,other
2.5321171283721924,rest
2.568100929260254,rest
2.600101947784424,rest
2.6321020126342773,rest
2.668102979660034,rest
2.700134038925171,rest
2.732146978378296,rest
2.7680981159210205,rest
2.8001060485839844,rest
2.8321099281311035,rest
2.868096113204956,rest
2.900110006332397,rest
2.9321210384368896,rest
2.968095064163208,rest
3.0001089572906494,rest
3.036082029342652,rest
3.068112134933472,rest
3.1001009941101074,rest
3.13608193397522,rest
3.1681299209594727,rest
3.2001140117645264,rest
3.236079931259156,rest
3.268136978149414,rest
3.300162076950073,rest
3.336111068725586,rest
3.3681390285491943,rest
3.4001340866088867,rest
3.4361119270324707,rest
3.4681410789489746,rest
3.50014591217041,rest
3.536118984222412,rest
3.568134069442749,rest
3.600142002105713,rest
3.6361141204833984,rest
3.668138027191162,rest
3.7001309394836426,rest
3.736118078231812,rest
3.768146991729736,rest
3.800128936767578,rest
3.836113929748535,rest
3.868140935897827,rest
3.900152921676636,rest
3.9361140727996826,rest
3.968138933181762,rest
4.00014591217041,rest
4.036111116409302,rest
4.06813907623291,rest
4.100143909454346,rest
4.136116981506348,rest
4.168142080307007,rest
4.200150012969971,rest
4.236118078231812,rest
4.268170118331909,rest
4.300163984298706,rest
4.33616304397583,rest
4.368185997009277,rest
4.400170087814331,rest
4.436161994934082,rest
4.468173980712891,rest
4.500181913375855,rest
4.536166906356812,rest
4.5681750774383545,rest
4.600178956985474,rest
4.6361589431762695,rest
4.668175935745239,rest
4.7001729011535645,rest
4.736164093017578,rest
4.768172025680542,rest
4.800199031829834,rest
4.836172103881836,rest
4.868168115615845,rest
4.900173902511597,rest
4.936171054840088,rest
4.96818208694458,rest
5.000179052352905,rest
5.036164999008179,rest
5.068171977996826,rest
5.10018801689148,rest
5.136157035827637,rest
5.168175935745239,rest
5.2001729011535645,rest
5.2361791133880615,other
5.268208980560303,other
5.300215005874634,other
5.336205005645752,other
5.368201017379761,other
5.400213956832886,other
5.436207056045532,other
5.468214988708496,other
5.500221967697144,other
5.536204099655151,other
5.568217992782593,other
5.600202083587647,other
5.636197090148926,other
5.6682209968566895,other
5.700240135192871,other
5.736207008361816,other
5.768219947814941,other
5.80023193359375,other
5.836201906204224,other
5.868210077285767,other
5.900224924087524,other
5.936208963394165,other
5.96820592880249,other
6.000217914581299,other
6.036207914352417,other
6.06821608543396,other
6.100223064422607,other
6.136204957962036,other
6.168214082717896,other
6.200222015380859,other
6.236205101013184,other
6.268256902694702,other
6.300281047821045,other
6.336249113082886,other
6.368259906768799,other
6.400275945663452,other
6.436240911483765,other
6.468255043029785,other
6.50423002243042,other
6.536252975463867,other
6.568249940872192,other
6.604228019714356,other
6.63625693321228,rest
6.668249130249023,rest
6.704239130020142,rest
6.736252069473267,rest
6.768244981765747,rest
6.804229974746704,rest
6.836261987686157,rest
6.86825704574585,rest
6.904227018356323,rest
6.936240911483765,rest
6.968255043029785,rest
7.004225969314575,rest
7.036252975463867,rest
7.068248987197876,rest
7.104231119155884,rest
7.136251926422119,rest
7.168247938156128,rest
7.204230070114136,rest
7.236262083053589,rest
7.2682600021362305,rest
7.304275989532471,rest
7.33629298210144,rest
7.368300914764404,rest
7.404267072677612,rest
7.436296939849853,rest
7.468295097351074,rest
7.504269123077393,rest
7.536289930343628,rest
7.568303108215332,rest
7.604278087615967,rest
7.636291980743408,rest
7.668304920196533,rest
7.704270124435425,rest
7.736309051513672,rest
7.768301963806152,other
7.804286003112793,other
7.8363049030303955,other
7.8683180809021,other
7.904293060302734,other
7.936306953430176,other
7.968306064605713,other
8.004274129867554,other
8.036297082901001,other
8.068299055099487,other
8.10429310798645,other
8.136287927627563,other
8.168299913406372,other
8.204299926757812,other
8.23628306388855,other
8.268342971801758,other
8.304341077804565,other
8.336336135864258,other
8.368335008621216,other
8.404336929321289,other
8.436330080032349,other
8.468338966369629,other
8.504333972930908,other
8.536338090896606,other
8.568356037139893,other
8.604321956634521,other
8.63633108139038,other
8.668349981307983,other
8.704342126846313,other
8.736339092254639,other
8.768343925476074,other
8.804350137710571,other
8.836326122283936,other
8.868348121643066,other
8.904335975646973,other
8.936353921890259,other
8.968338966369629,other
9.00434398651123,other
9.036354064941406,other
9.068352937698364,other
9.104335069656372,other
9.136348009109495,other
9.16835594177246,other
9.204337120056152,other
9.236342906951904,other
9.26835298538208,other
9.304367065429688,other
9.336376905441284,other
9.368385076522827,other
9.404390096664429,other
9.436373949050903,other
9.468389987945557,other
9.504378080368042,other
9.536391019821169,other
9.568382978439333,other
9.604367971420288,other
9.636373043060305,other
9.66840410232544,other
9.704428911209106,other
9.736386060714722,other
9.768407106399536,other
9.804366111755373,other
9.83638596534729,other
9.86839199066162,other
9.904364109039308,other
9.936381101608276,other
9.972352981567385,other
10.004408121109009,other
10.036376953125,other
10.072350978851318,other
10.104387044906616,other
10.136377096176147,other
10.172351121902466,other
10.204375982284546,other
10.23636794090271,other
10.272345066070557,other
10.304419994354248,other
10.336430072784424,other
10.37239408493042,other
10.404412031173706,other
10.43641996383667,other
10.472392082214355,other
10.504410028457642,other
10.536423921585085,other
10.572395086288452,other
10.604414939880373,other
10.636415004730225,other
10.672393083572388,other
10.704422950744627,other
10.73641300201416,other
10.772393941879272,move
10.804441928863524,move
10.83644199371338,move
10.872390031814575,move
10.904417037963867,move
10.936424016952516,move
10.9723961353302,move
11.004425048828123,move
11.036422967910768,move
11.072398900985718,move
11.104414939880373,move
11.136425018310549,move
11.172395944595335,move
11.204426050186155,move
11.236416101455688,move
11.27244997024536,move
11.304476022720335,move
11.336452960968018,move
11.372447967529297,move
11.404458045959473,move
11.436468124389648,move
11.472439050674438,move
11.504454135894775,move
11.536459922790527,move
11.572442054748535,move
11.6044499874115,move
11.636457920074465,move
11.67244791984558,move
11.704450130462646,move
11.736454963684082,move
11.772479057312012,move
11.80445909500122,move
11.836456060409546,move
11.872450113296509,move
11.904473066329956,move
11.936460971832275,move
11.972445011138916,move
12.004456043243408,move
12.036472082138062,move
12.072442054748535,move
12.1044499874115,move
12.136461973190308,move
12.17244005203247,move
12.204452991485596,move
12.236474990844728,move
12.27245306968689,move
12.304485082626345,move
12.336498022079468,other
12.37251091003418,other
12.404484987258911,other
12.436492919921877,other
12.472490072250366,other
12.504483938217165,other
12.536489009857178,other
12.572484016418455,other
12.604490041732788,other
12.636490106582642,other
12.672486066818236,other
12.70448112487793,other
12.736495971679688,other
12.77247405052185,other
12.80448603630066,other
12.836497068405151,other
12.872488021850586,other
12.904484987258911,other
12.936491012573242,other
12.972484111785889,other
13.00449013710022,other
13.036516904830933,other
13.072499990463257,other
13.104510068893433,other
13.136495113372805,other
13.17248010635376,other
13.204503059387209,other
13.236517906188965,other
13.272515058517456,other
13.30453109741211,other
13.336554050445557,other
13.372513055801392,other
13.404531002044678,other
13.44049906730652,move
13.472522020339966,move
13.50452208518982,move
13.540503025054932,move
13.572525024414062,move
13.604526042938232,move
13.64049506187439,move
13.672532081604004,move
13.704535007476808,move
13.740494966506958,move
13.772516012191772,move
13.804541110992432,move
13.840496063232422,move
13.872522115707396,move
13.9045250415802,move
13.940500974655151,move
13.972511053085327,move
14.004535913467407,move
14.04049801826477,move
14.0725200176239,move
14.104522943496704,move
14.140501976013184,move
14.17253303527832,move
14.2045259475708,move
14.240495920181274,move
14.272526025772097,move
14.304563999176024,move
14.340533018112184,move
14.372565984725952,move
14.404555082321169,move
14.440534114837646,move
14.472561120986938,move
14.504563093185425,move
14.540534973144531,move
14.57254409790039,move
14.604567050933838,move
14.64054012298584,move
14.672554969787598,move
14.704559087753296,move
14.740560054779053,move
14.772562980651855,move
14.80455994606018,move
14.840559005737305,move
14.872581958770752,move
14.90457797050476,move
14.940558910369871,move
14.972563982009888,move
15.004573106765749,move
15.040565967559814,move
15.072565078735352,move
15.104591131210327,move
15.140554904937744,move
15.17255997657776,move
15.204566955566406,move
15.24056601524353,move
15.2725510597229,move
15.304614067077637,move
15.340598106384276,move
15.372618913650513,other
15.404599905014038,other
15.44059705734253,other
15.472625970840454,other
15.504640102386476,other
15.54059600830078,other
15.572603940963743,other
15.60460090637207,other
15.640594959259031,other
15.672605037689207,other
15.704608917236328,other
15.740597009658812,other
15.772604942321776,other
15.804609060287476,other
15.840609073638916,other
15.872591972351074,other
15.904621124267578,other
15.940601110458374,other
15.972616910934448,other
16.00460910797119,other
16.04060196876526,other
16.072622060775757,other
16.104614973068237,other
16.1405930519104,other
16.172611951828003,other
16.204632997512817,other
16.240591049194336,other
16.272610902786255,other
16.30464506149292,other
16.340632915496826,other
16.372642993927002,other
16.404645919799805,other
16.44064998626709,other
16.47263813018799,other
16.504645109176636,other
16.54063892364502,other
16.572641134262085,other
16.604648113250732,other
16.64063596725464,other
16.672635078430176,other
16.704662084579468,other
16.740637063980103,other
16.772650003433228,other
16.80464792251587,other
16.840630054473877,other
16.87264609336853,other
16.90862202644348,other
16.940633058547974,other
16.9726459980011,other
17.008615016937256,other
17.040645122528076,other
17.072629928588867,other
17.108613967895508,other
17.14064311981201,rest
17.172640085220337,rest
17.208614110946655,rest
17.240663051605225,rest
17.272634029388428,rest
17.308650970458984,rest
17.34068012237549,rest
17.3726909160614,rest
17.40865707397461,rest
17.440675973892212,rest
17.472683906555176,rest
17.50865411758423,rest
17.54067897796631,rest
17.572683095932007,rest
17.60866403579712,rest
17.640687942504883,rest
17.672677993774414,rest
17.708660125732422,rest
17.740691900253296,rest
17.77267599105835,rest
17.80865502357483,rest
17.84068202972412,rest
17.87267303466797,rest
17.908658027648926,rest
17.94067692756653,rest
17.972695112228394,rest
18.00865602493286,rest
18.040707111358643,rest
18.072684049606323,rest
18.10866093635559,rest
18.14068293571472,rest
18.172688007354736,rest
18.208672046661377,rest
18.24067997932434,rest
18.27271413803101,rest
18.3087100982666,rest
18.340739011764526,rest
18.372716903686523,rest
18.408710956573486,rest
18.44072198867798,rest
18.472732067108154,rest
18.50870609283448,rest
18.54072213172913,rest
18.572726011276245,rest
18.608720064163208,rest
18.64072299003601,rest
18.672728061676025,rest
18.70871591567993,rest
18.740708112716675,rest
18.772725105285645,rest
18.80871605873108,rest
18.84076189994812,rest
18.87272810935974,rest
18.908711910247803,rest
18.94074010848999,rest
18.972713947296143,other
19.00872111320496,other
19.040724992752075,other
19.07274603843689,other
19.10871911048889,other
19.14071297645569,other
19.172728061676025,other
19.20870995521545,other
19.240721940994263,other
19.2727279663086,other
19.308768033981323,other
19.340744972229004,other
19.37276697158813,other
19.408756017684937,other
19.440757989883423,other
19.472754955291748,other
19.508754014968872,other
19.54077410697937,other
19.572760105133057,other
19.608752012252808,other
19.640762090682983,other
19.67277193069458,other
19.708760976791385,other
19.740761041641235,other
19.7727689743042,other
19.808741092681885,other
19.84076690673828,other
19.87276601791382,other
19.908747911453247,other
19.9407479763031,other
19.97276997566223,other
20.00875210762024,other
20.040743112564087,other
20.07277894020081,other
20.10874891281128,other
20.14075493812561,other
20.17277693748474,other
20.208754062652588,other
20.240761041641235,other
20.272767066955566,other
20.3088059425354,other
20.34079504013061,other
20.376768112182617,other
20.40878295898437,other
20.44079899787903,other
20.47676706314087,other
20.508786916732788,other
20.54078698158264,other
20.57676601409912,other
20.608792066574097,other
20.640788078308105,other
20.6767680644989,rest
20.70879912376404,rest
20.740796089172363,rest
20.77676796913147,rest
20.808789014816284,rest
20.84080195426941,rest
20.87676692008972,rest
20.90879201889038,rest
20.94079303741455,rest
20.976768016815186,rest
21.008786916732788,rest
21.04079413414001,rest
21.0767719745636,rest
21.108801126480103,rest
21.14078402519226,rest
21.17677092552185,rest
21.208797931671143,rest
21.24079704284668,rest
21.27676701545716,rest
21.30883002281189,rest
21.340851068496704,rest
21.37680602073669,rest
21.40882706642151,rest
21.440845012664795,rest
21.476809978485107,rest
21.50883102416992,rest
21.540837049484253,rest
21.57681107521057,rest
21.60883092880249,rest
21.640836000442505,rest
21.6768319606781,rest
21.70882797241211,rest
21.74082899093628,rest
21.77682399749756,rest
21.808852910995483,rest
21.84087109565735,rest
21.87682700157165,rest
21.90884304046631,rest
21.940841913223267,rest
21.97684001922608,rest
22.00883793830872,rest
22.040827989578247,rest
22.07682204246521,rest
22.108849048614506,rest
22.14083909988404,rest
22.1768319606781,rest
22.2088270187378,rest
22.240838050842285,rest
22.276854038238525,rest
22.308879137039185,rest
22.340882062911987,rest
22.37687611579895,rest
22.40887999534607,rest
22.44086599349976,rest
22.47686195373535,rest
22.50887608528137,rest
22.54088497161865,rest
22.57686710357666,rest
22.60886597633361,rest
22.64089298248291,rest
22.67686104774475,rest
22.70887398719788,rest
22.74087190628052,rest
22.776864051818848,rest
22.80887508392334,rest
22.84087896347046,rest
22.876869916915894,rest
22.90890312194824,rest
22.94088792800904,rest
22.97687292098999,rest
23.008875131607056,rest
23.040873050689697,rest
23.076869010925293,rest
23.108886003494263,rest
23.140873908996586,rest
23.176867961883545,rest
23.20887398719788,rest
23.24089193344116,rest
23.27686190605164,rest
23.30890703201294,rest
23.340909957885746,rest
23.376899003982544,rest
23.408924102783203,rest
23.44091796875,rest
23.4769070148468,other
23.508896112442017,other
23.54092597961425,other
23.576898097991943,other
23.6089129447937,other
23.640913009643555,other
23.67690110206604,other
23.70891094207764,other
23.740916967391968,other
23.776901960372925,other
23.808912992477417,other
23.84488105773925,other
23.876898050308228,other
23.90890908241272,other
23.94488000869751,other
23.97690200805664,other
24.00891399383545,other
24.0448899269104,other
24.076909065246586,other
24.108906030654907,other
24.144880056381226,other
24.17690110206604,other
24.208908081054688,other
24.24488306045532,other
24.276916980743408,other
24.30894708633423,other
24.34490704536438,other
24.376934051513672,other
24.40893507003784,other
24.444912910461422,other
24.47693395614624,other
24.508940935134888,other
24.54491496086121,other
24.576929092407227,other
24.60893702507019,other
24.64490795135498,other
24.67695713043213,other
24.70893406867981,other
24.744906902313232,other
24.776941061019897,other
24.8089280128479,other
24.844911098480225,other
24.876946926116943,other
24.908961057662964,other
24.94490694999695,other
24.97693490982056,other
25.00893807411194,other
25.044913053512573,other
25.076934099197388,other
25.10893702507019,other
25.144935131073,other
25.17692613601685,other
25.20893907546997,other
25.244925022125244,other
25.276933908462524,other
25.30896306037903,other
25.344960927963257,other
25.376962900161743,other
25.408958911895752,other
25.44496202468872,other
25.476970911026,other
25.508958101272583,other
25.54496693611145,other
25.576967000961304,other
25.60898208618164,other
25.644957065582275,other
25.676968097686768,other
25.70898699760437,other
25.744977951049805,other
25.77696704864502,other
25.808974027633667,other
25.84496593475341,other
25.87697911262512,other
25.90896511077881,other
25.94495797157288,other
25.976993083953857,other
26.008965015411377,other
26.044963121414185,other
26.076966047286987,other
26.10898399353028,other
26.144953966140747,other
26.17696213722229,other
26.208985090255737,other
26.24496698379517,other
26.276976108551025,other
26.309015035629272,other
26.3450129032135,other
26.37701106071472,other
26.40901899337769,other
26.44502091407776,other
26.477025985717773,other
26.50900793075561,other
26.54500293731689,other
26.57702398300171,other
26.609008073806763,other
26.645004987716675,other
26.67701411247253,other
26.70901608467102,other
26.745012044906616,other
26.77701592445373,other
26.80901908874512,rest
26.84499907493592,rest
26.87701392173767,rest
26.909017086029053,rest
26.94500708580017,rest
26.97700810432434,rest
27.009026050567627,rest
27.0450119972229,rest
27.077008962631226,rest
27.10901713371277,rest
27.145004987716675,rest
27.17700505256653,rest
27.209008932113647,rest
27.24500799179077,rest
27.277045965194706,rest
27.313024044036865,rest
27.345057010650635,rest
27.37705397605896,rest
27.41302490234375,rest
27.445045948028564,rest
27.477054119110107,rest
27.51302695274353,rest
27.5450451374054,rest
27.57704305648804,rest
27.613025903701782,rest
27.64504599571228,rest
27.677048921585083,rest
27.71302604675293,rest
27.74504494667053,rest
27.77704691886902,rest
27.813029050827023,rest
27.845065116882324,rest
27.87704801559448,rest
27.91302299499512,rest
27.94505000114441,rest
27.9770610332489,rest
28.01302599906921,rest
28.04504704475403,rest
28.077054977416992,rest
28.113028049469,rest
28.145045042037964,rest
28.17705512046814,rest
28.213025093078613,rest
28.24505090713501,rest
28.277034997940063,rest
28.313060998916622,rest
28.3450870513916,other
28.37710690498352,other
28.413064002990723,other
28.44509196281433,rest
28.477072954177856,rest
28.51305890083313,rest
28.54508399963379,rest
28.577086925506592,rest
28.613080978393555,rest
28.645081043243408,rest
28.677088022232056,rest
28.713109016418457,rest
28.74508500099182,rest
28.77709007263184,rest
28.81307911872864,rest
28.8451030254364,rest
28.87707996368408,rest
28.91307806968689,rest
28.94507908821106,rest
28.97709608078003,rest
29.013083934783936,rest
29.045090913772583,rest
29.077078104019165,rest
29.11307191848755,rest
29.145092964172363,rest
29.177093029022217,rest
29.213079929351807,rest
29.245080947875977,rest
29.27708911895752,rest
29.31311798095703,rest
29.345112085342407,rest
29.37712812423706,rest
29.41311907768249,rest
29.445125102996823,rest
29.477113008499146,rest
29.513116121292114,rest
29.54511308670044,rest
29.57711505889893,rest
29.61311912536621,rest
29.6451199054718,rest
29.677112102508545,rest
29.713197946548465,rest
29.745129108428955,rest
29.77713203430176,rest
29.81311202049256,rest
29.84511995315552,rest
29.87713098526001,rest
29.913120985031128,rest
29.945117950439453,rest
29.9771249294281,rest
