Epoch,Cell,Activity
early drug,0,0.08481181819247066
early drug,1,0.5247563864471229
early drug,2,0.06919481924388166
early drug,3,0.2732150922749788
early drug,4,0.17586508611228574
early drug,5,0.43561242187829086
early drug,6,0.10063132217536642
early drug,7,0.03975999932059779
early drug,8,0.05098182789097498
early drug,9,0.08251428548022897
early drug,10,0.12669966155595064
early drug,11,0.3150002299886373
early drug,12,0.30480900282809525
early drug,13,0.11064648068047322
early drug,14,0.1289894950059068
early drug,15,0.08283922459362128
early drug,16,0.33456874631508676
early drug,17,0.24256934928486734
early drug,18,0.07536342947468651
early drug,19,0.0765023088711006
early drug,20,0.08798884638631127
early drug,21,0.24301986133603742
early drug,22,0.19889305483029396
early drug,23,0.10170880043390618
early drug,24,0.24402692578033766
early drug,25,0.14097177100792987
early drug,26,0.21973620735061322
early drug,27,0.42220389734031866
early drug,28,0.1259634075218347
early drug,29,0.15630133039236171
early drug,30,0.11853168857866714
early drug,31,0.16235582120736824
early drug,32,0.19796054481442202
early drug,33,0.377343820720698
early drug,34,0.25397668921358313
early drug,35,0.38728038315759944
early drug,36,0.12623224291086882
early drug,37,0.23502149782530796
early drug,38,0.1795441830444115
early drug,39,0.21685846758115615
early drug,40,0.20773816522835645
early drug,41,0.27630741597823033
early drug,42,0.41382711919637
early drug,43,0.3277924039740456
early drug,44,0.5500593443834965
early drug,45,0.33272770508466737
early drug,46,0.5514487107392342
early drug,47,0.04565881662879566
early drug,48,0.1979353536468977
early drug,49,0.07851625260342145
early drug,50,0.04318639761323263
early drug,51,0.11126270936374998
early drug,52,0.18399836893705987
early drug,53,0.05476677285475263
early drug,54,0.1554866004952999
early drug,55,0.1403948990555758
early drug,56,0.05294633742148506
early drug,57,0.27947397249883477
early drug,58,0.18150299704896766
early drug,59,0.12710239711371252
early drug,60,0.12137054627128491
early drug,61,0.22110974366796235
early drug,62,0.6266166654558374
early drug,63,0.20616109051412201
early drug,64,0.20553788951176163
early drug,65,0.13339773352736015
early drug,66,0.2332989708471807
early drug,67,0.4530481563585687
early drug,68,0.5696199270411899
early drug,69,0.181708168679722
early drug,70,0.5140482872892447
early drug,71,0.3127563155064153
early drug,72,0.24040320507039123
early drug,73,0.14934842551050231
early drug,74,0.4335020195122979
early drug,75,0.07141157446546029
early drug,76,0.11279741970642551
early drug,77,0.3124622860468751
early drug,78,0.14470099242324352
early drug,79,0.136934877653828
early drug,80,0.14846433050682034
early drug,81,0.2967228204347938
early drug,82,0.22039442967430334
early drug,83,0.40916730931812445
early drug,84,0.3475341526376027
early drug,85,0.1236069511745958
early drug,86,0.10754782579969002
early drug,87,0.06247815222294741
early drug,88,0.1334912150484903
early drug,89,0.3707720318408827
early drug,90,0.08403810777119192
early drug,91,0.06771027521076786
early drug,92,0.10922236071370822
early drug,93,0.24166252898768217
early drug,94,0.3408903709624655
early drug,95,0.5495903520697142
early drug,96,0.06767357982806124
early drug,97,0.24441865847448993
early drug,98,0.10451455944971243
early drug,99,0.3799963962562787
early drug,100,0.06811671299611582
early drug,101,0.10627353541674799
early drug,102,0.08788985022315159
early drug,103,0.2153582080946696
early drug,104,0.24943749713390148
early drug,105,0.47327663368528367
early drug,106,0.18532904997013022
early drug,107,0.25040446984972087
early drug,108,0.19974340730563597
early drug,109,0.3925759494089405
early drug,110,0.2143500219836558
early drug,111,0.28807944156323007
early drug,112,0.429766380701326
early drug,113,0.13822200924683628
early drug,114,0.15643031390707235
early drug,115,0.2760977941825062
early drug,116,0.1367873866166562
early drug,117,0.33699283535263286
early drug,118,0.294132353248173
early drug,119,0.25195699154900525
early drug,120,0.2976622312040844
early drug,121,0.5847374381098904
early drug,122,0.10728836066838833
early drug,123,0.32769206439925436
early drug,124,0.3609483086967914
early drug,125,0.23192554570032847
early drug,126,0.16006926532852003
early drug,127,0.28329887568119017
early drug,128,0.18339902569425584
early drug,129,0.3369666813703226
early drug,130,0.34897802374778797
early drug,131,0.3238349099826215
early drug,132,0.17890536896342643
early drug,133,0.0497833072275915
early drug,134,0.19828055165878838
early drug,135,0.11516981880634197
early drug,136,0.09776912522240287
early drug,137,0.4052217829920572
early drug,138,0.04930914207301999
early drug,139,0.20416905140010966
early drug,140,0.07429110054086492
early drug,141,0.27612634639861194
early drug,142,0.24691702892390974
early drug,143,0.1388078112625722
early drug,144,0.2425139128658113
early drug,145,0.1991136229085406
early drug,146,0.4928085245634292
early drug,147,0.3007070139438292
early drug,148,0.17477202335360909
early drug,149,0.4599849422185148
early drug,150,0.024733731626469024
early drug,151,0.07812541439221368
early drug,152,0.0740650345873118
early drug,153,0.1548177750487755
early drug,154,0.31333217079639963
early drug,155,0.19929747215110377
early drug,156,0.5037704094695831
early drug,157,0.3304819949896457
early drug,158,0.33837647752551997
early drug,159,0.19224508839358231
early drug,160,0.18405239422054137
early drug,161,0.23878452932410632
early drug,162,0.03602728217453212
early drug,163,0.023754290986849114
early drug,164,0.07142451575381564
early drug,165,0.059762249859517155
early drug,166,0.08400268375488384
early drug,167,0.051150384908594165
early drug,168,0.09246235550585041
early drug,169,0.035697484748781615
early drug,170,0.1109816322509526
early drug,171,0.06071106641376997
early drug,172,0.023889073496426293
early drug,173,0.06144089522758172
early drug,174,0.12221146506928092
early drug,175,0.28898697633407716
early drug,176,0.6017068208354498
early drug,177,0.09839602085503858
early drug,178,0.6013843450644221
early drug,179,0.05681089207916675
early drug,180,0.09543193830492783
early drug,181,0.11982184676419995
early drug,182,0.1336660880637558
early drug,183,0.08512545483615445
early drug,184,0.1208025135622424
early drug,185,0.0725150121143988
early drug,186,0.20632057103174944
early drug,187,0.09154162450078616
early drug,188,0.1402627357133752
early drug,189,0.12885527595838492
early drug,190,0.1795085959238444
early drug,191,0.07420510807089559
early drug,192,0.4211436923930246
early drug,193,0.13070900530265883
early drug,194,0.1661713887083263
early drug,195,0.1214949946244067
early drug,196,0.3044161205761685
early drug,197,0.25728103210362196
early drug,198,0.4159130647727094
early drug,199,0.11679434391054515
early drug,200,0.11373702838777958
early drug,201,0.12439987710365534
early drug,202,0.09263588885363436
early drug,203,0.21684655344767953
early drug,204,0.41690142910366634
early drug,205,0.194974833004832
early drug,206,0.15572334666768822
early drug,207,0.2918273914009102
early drug,208,0.18369965731495325
early drug,209,0.29392661812416354
early drug,210,0.17998437529773792
early drug,211,0.21121680185209543
early drug,212,0.13087022961843497
early drug,213,0.21548176028220037
early drug,214,0.3978313557708706
early drug,215,0.27772765805415395
early drug,216,0.14377430986624007
early drug,217,0.1757648204717264
early drug,218,0.337131825552187
early drug,219,0.4482247362869328
early drug,220,0.20524048620033444
early drug,221,0.14927133322536107
early drug,222,0.5122487782258511
early drug,223,0.53838142847729
early drug,224,0.44987697966954115
early drug,225,0.3689605084574009
early drug,226,0.13506102086185928
early drug,227,0.23240519908315738
early drug,228,0.28313687465417553
early drug,229,0.2554319726446832
early drug,230,0.4678622792173346
early drug,231,0.2798883702689259
early drug,232,0.3931463638598556
early drug,233,0.22084926230723725
early drug,234,0.2327658684822398
early drug,235,0.02634247453853109
early drug,236,0.01800689428306245
early drug,237,0.059153326695969746
early drug,238,0.03744017438436629
early drug,239,0.03736684314982146
early drug,240,0.281919910857985
early drug,241,0.05719301014069549
early drug,242,0.06203195136247651
early drug,243,0.17521221474464732
early drug,244,0.04066008736587019
early drug,245,0.3889723962673314
early drug,246,0.19449646155265404
early drug,247,0.7871687471153067
early drug,248,0.16336343658045518
early drug,249,0.2997917767617421
early drug,250,0.06883942804929818
early drug,251,0.1473755019371274
early drug,252,0.3167042457536909
early drug,253,0.12368091751067836
early drug,254,0.15871367348231094
early drug,255,0.21025986147618242
early drug,256,0.1213031203990295
early drug,257,0.21184343560014696
early drug,258,0.13065851668708742
early drug,259,0.35084831365563063
early drug,260,0.18960100963762097
early drug,261,0.35149302085817685
early drug,262,0.12780377595324666
early drug,263,0.39876220700634035
early drug,264,0.7475635526330523
early drug,265,0.25953217227960773
early drug,266,0.10278129042089874
early drug,267,0.0719775213577903
early drug,268,0.34059925259456486
early drug,269,0.08899505228604977
early drug,270,0.11342871163712488
early drug,271,0.09561982305930777
early drug,272,0.18572946816490776
early drug,273,0.38908946814214396
early drug,274,0.15400264066617342
early drug,275,0.12171614223102958
early drug,276,0.47010706225323845
early drug,277,0.11860428091531962
early drug,278,0.24938459731081455
early drug,279,0.39769670200236595
early drug,280,0.319173201595081
early drug,281,0.12285058224626885
early drug,282,0.1681179784357548
early drug,283,0.17769389651118306
early drug,284,0.25487277390591845
early drug,285,0.18482100750146507
early drug,286,0.29757280010486903
early drug,287,0.5264758275290602
early drug,288,0.49812069470647813
early drug,289,0.11658129338653254
early drug,290,0.40045218935520843
early drug,291,0.224311411866451
early drug,292,0.5515589260833607
early drug,293,0.1714695663363463
early drug,294,0.07966381725723716
early drug,295,0.1337687850097495
early drug,296,0.0707260819244934
early drug,297,0.04391639108086209
early drug,298,0.09490226337510724
early drug,299,0.6871959318094919
early drug,300,0.08544086720703886
early drug,301,0.07745765426644356
early drug,302,0.08242793066227633
early drug,303,0.22703287473267048
early drug,304,0.17326410199794645
early drug,305,0.2595231450083307
early drug,306,0.1841752125009134
early drug,307,0.21782796508633562
early drug,308,0.31552637390967353
early drug,309,0.4537086799593899
early drug,310,0.25760023736906
early drug,311,0.17404689837924855
early drug,312,0.16149958818273055
early drug,313,0.4227002435926725
early drug,314,0.22380215241521545
early drug,315,0.32012742700093777
early drug,316,0.14120609585058952
early drug,317,0.12589413526894191
early drug,318,0.14827908347198024
early drug,319,0.04965484814969548
early drug,320,0.14529853063064485
early drug,321,0.23319600899390208
early drug,322,0.25192149546514236
early drug,323,0.10428990008507644
early drug,324,0.3088990640457602
early drug,325,0.023478257223721582
early drug,326,0.2151646654987294
early drug,327,0.05468608691423968
early drug,328,0.258810872307216
early drug,329,0.3998559137833362
early drug,330,0.12014955851756794
early drug,331,0.17478034437804252
early drug,332,0.09392854303981936
early drug,333,0.21668177354014226
early drug,334,0.14552380974356535
early drug,335,0.21134062929497846
early drug,336,0.3956330088059431
early drug,337,0.19301735911410478
early drug,338,0.19304012465969317
early drug,339,0.13326163557956885
early drug,340,0.3156445349905682
early drug,341,0.38387714703259807
early drug,342,0.27452057571849825
early drug,343,0.21755574178053746
early drug,344,0.34616551540037965
early drug,345,0.37442627027466574
early drug,346,0.16424749601359356
early drug,347,0.06130476224980081
early drug,348,0.15554612772954762
early drug,349,0.16457665714381062
early drug,350,0.2553473563412136
early drug,351,0.16294256149773848
early drug,352,0.4603001893517559
early drug,353,0.23980466200444675
early drug,354,0.49675034391434086
early drug,355,0.1213929500696839
early drug,356,0.4728057213458269
early drug,357,0.3690642393768806
early drug,358,0.5535147803655864
early drug,359,0.17284143335232438
early drug,360,0.3717216356898396
early drug,361,0.19561559948932997
early drug,362,0.051379845011904984
early drug,363,0.2582461876373421
early drug,364,0.056331189906719634
early drug,365,0.13878133902489345
early drug,366,0.07471671701074065
early drug,367,0.10607435045699504
early drug,368,0.1533571633372197
early drug,369,0.21947057837877942
early drug,370,0.12426035397522549
early drug,371,0.07070914168643891
early drug,372,0.04988401069537068
early drug,373,0.04412266760727902
early drug,374,0.12585437902952953
early drug,375,0.32630810630880236
early drug,376,0.28292684893921305
early drug,377,0.1822007177408584
early drug,378,0.4815750731035594
early drug,379,0.19275932213236632
early drug,380,0.1906674752753626
early drug,381,0.22636492658791704
early drug,382,0.34882355226598244
early drug,383,0.17686963176428835
early drug,384,0.17629084583104712
early drug,385,0.21234912644649898
early drug,386,0.27176082657573075
early drug,387,0.18705783102023005
early drug,388,0.36234719228860135
early drug,389,0.24936145392850778
early drug,390,0.06137846379847394
early drug,391,0.30981726665903553
early drug,392,0.38236617113181565
early drug,393,0.3763420066092636
early drug,394,0.09365882572421418
early drug,395,0.05127346952304836
early drug,396,0.03293062893938573
early drug,397,0.026810396944693813
early drug,398,0.0707464800592613
early drug,399,0.06620113354143158
early drug,400,0.11038994803715298
early drug,401,0.078073538867251
early drug,402,0.32573283119076607
early drug,403,0.06675437598376457
early drug,404,0.15049315273062264
early drug,405,0.1852120586482338
early drug,406,0.2953564345630657
early drug,407,0.25726526718401116
early drug,408,0.36352333695153133
early drug,409,0.08198416400560085
early drug,410,0.15847714619383924
early drug,411,0.09998989239124302
early drug,412,0.15898100460508757
early drug,413,0.6476247955258497
early drug,414,0.4409460654289465
early drug,415,0.26642676744255844
early drug,416,0.19105905315903216
early drug,417,0.05758762844826153
early drug,418,0.29033799038289354
early drug,419,0.15747766560764512
early drug,420,0.25932393534184217
early drug,421,0.1887247755638505
early drug,422,0.44150071368088845
early drug,423,0.5194540366675078
early drug,424,0.41400543142627416
early drug,425,0.14142593958677793
early drug,426,0.2444598677868996
early drug,427,0.2946767206313901
early drug,428,0.14512086199788
early drug,429,0.24187939471572975
early drug,430,0.22571379679156117
early drug,431,0.4006643493584904
early drug,432,0.23818115978235443
early drug,433,0.1760868670132962
early drug,434,0.14872249257182907
early drug,435,0.2166040016552286
early drug,436,0.26857852777114066
early drug,437,0.7757179618078874
early drug,438,0.44442473492929
early drug,439,0.3041790393553205
early drug,440,0.3467552803211941
early drug,441,0.7404649772616281
early drug,442,0.24737996379838192
early drug,443,0.02958602324489359
early drug,444,0.2135631444988694
early drug,445,0.16921169218729226
early drug,446,0.2003002911188098
early drug,447,0.29278673834445407
early drug,448,0.15778896631767217
early drug,449,0.21117820302089296
early drug,450,0.14417602497780377
early drug,451,0.24953465132256722
early drug,452,0.2734590522892257
early drug,453,0.22873934460495216
early drug,454,0.14385693409497527
early drug,455,0.049242898423202924
early drug,456,0.19504453982304637
early drug,457,0.12660232499511018
early drug,458,0.7345029342403264
early drug,459,0.20512432236658396
early drug,460,0.3935162649430653
early drug,461,0.268122326056084
early drug,462,0.5362490093143232
early drug,463,0.273826375905015
early drug,464,0.32535014435338133
early drug,465,0.2322645328226661
early drug,466,0.34360266490260977
early drug,467,0.1913038799156823
early drug,468,0.10384260298861357
early drug,469,0.03427167766218788
early drug,470,0.35416014991770584
early drug,471,0.133333723852115
early drug,472,0.43375767833153206
early drug,473,0.13423245987524055
early drug,474,0.293800964157928
early drug,475,0.43536279598228894
early drug,476,0.1735141599596458
early drug,477,0.12379072411012972
early drug,478,0.2564158892878372
early drug,479,0.26195278021609314
early drug,480,0.07587239186414003
early drug,481,0.1421301077364441
early drug,482,0.2552707371574029
early drug,483,0.16244437192449668
early drug,484,0.4245328417902715
early drug,485,0.10603122627533393
early drug,486,0.3658759088623674
early drug,487,0.207003307796251
early drug,488,0.1729626226088424
early drug,489,0.06284879356185459
early drug,490,0.02679998896280928
early drug,491,0.03004880751076543
early drug,492,0.09587953682963622
early drug,493,0.038676398677865695
early drug,494,0.0005835798179371516
BASELINE,0,0.08669055168963116
BASELINE,1,0.5421785746740428
BASELINE,2,0.07289862314387772
BASELINE,3,0.27341910982459017
BASELINE,4,0.17537849769666225
BASELINE,5,0.4375998587212742
BASELINE,6,0.0950361632436755
BASELINE,7,0.03705934662130626
BASELINE,8,0.055862464143350915
BASELINE,9,0.08148115897400664
BASELINE,10,0.1287879903757214
BASELINE,11,0.3318958627133583
BASELINE,12,0.33878363915606413
BASELINE,13,0.11370749508173837
BASELINE,14,0.13163134423693063
BASELINE,15,0.08823679379093549
BASELINE,16,0.33715840534048924
BASELINE,17,0.26404250871393914
BASELINE,18,0.0761544929180531
BASELINE,19,0.0845370948611375
BASELINE,20,0.08634325774396386
BASELINE,21,0.2526689943007823
BASELINE,22,0.20302620211542863
BASELINE,23,0.1007771222987248
BASELINE,24,0.24052351771737862
BASELINE,25,0.15202045036636222
BASELINE,26,0.21468643945677088
BASELINE,27,0.43732068837841875
BASELINE,28,0.12893082185162114
BASELINE,29,0.1666739978591398
BASELINE,30,0.12269833713543038
BASELINE,31,0.17066530775345096
BASELINE,32,0.21940274032614496
BASELINE,33,0.3649116419714623
BASELINE,34,0.2527749569282132
BASELINE,35,0.3790027422833768
BASELINE,36,0.12978689226779325
BASELINE,37,0.23813486004684659
BASELINE,38,0.17841335442274506
BASELINE,39,0.22683849641709997
BASELINE,40,0.21611570350125767
BASELINE,41,0.2692950498358046
BASELINE,42,0.414418893326526
BASELINE,43,0.3253148074146859
BASELINE,44,0.541338538041947
BASELINE,45,0.347857330681476
BASELINE,46,0.5208880498812581
BASELINE,47,0.061914235596444045
BASELINE,48,0.19616957603683974
BASELINE,49,0.045156197769094214
BASELINE,50,0.03963473234519337
BASELINE,51,0.11887272444523764
BASELINE,52,0.18152993525518796
BASELINE,53,0.05803194400237474
BASELINE,54,0.1561687103251312
BASELINE,55,0.1435654566213939
BASELINE,56,0.06897986327698331
BASELINE,57,0.2820902207316601
BASELINE,58,0.18057241985742972
BASELINE,59,0.12971597028997123
BASELINE,60,0.11528397979933433
BASELINE,61,0.20797072805265912
BASELINE,62,0.6096846237863605
BASELINE,63,0.21566574853754822
BASELINE,64,0.21122130765322997
BASELINE,65,0.1341327756244895
BASELINE,66,0.21873982940827252
BASELINE,67,0.4753067958811591
BASELINE,68,0.5301569996825893
BASELINE,69,0.224284419543264
BASELINE,70,0.5123852964020258
BASELINE,71,0.3239862996105557
BASELINE,72,0.24350602222657444
BASELINE,73,0.15497444212247327
BASELINE,74,0.4540560142812784
BASELINE,75,0.07266167789005322
BASELINE,76,0.10555573159636157
BASELINE,77,0.3043718655105745
BASELINE,78,0.1279822596166832
BASELINE,79,0.14137970713906123
BASELINE,80,0.20760673245389516
BASELINE,81,0.3077888565696319
BASELINE,82,0.21888750601035736
BASELINE,83,0.3689445122027287
BASELINE,84,0.32615470474575947
BASELINE,85,0.10894950109878536
BASELINE,86,0.09793436124363622
BASELINE,87,0.07825018265826725
BASELINE,88,0.12825953561185938
BASELINE,89,0.3950493916752207
BASELINE,90,0.02742662804856828
BASELINE,91,0.07135443422101383
BASELINE,92,0.09251343183497376
BASELINE,93,0.2735274237324637
BASELINE,94,0.34232979592002133
BASELINE,95,0.542004479720561
BASELINE,96,0.08335053565593101
BASELINE,97,0.23662540805595186
BASELINE,98,0.10826263417474795
BASELINE,99,0.3936243317486518
BASELINE,100,0.0879224738515202
BASELINE,101,0.11563784613665484
BASELINE,102,0.08193909234848337
BASELINE,103,0.2024875532037766
BASELINE,104,0.26195625365387665
BASELINE,105,0.4633646762154222
BASELINE,106,0.18660072626178423
BASELINE,107,0.22839923622683025
BASELINE,108,0.19777333931007937
BASELINE,109,0.39770366854162814
BASELINE,110,0.23543221696103986
BASELINE,111,0.29718782558190077
BASELINE,112,0.4935003425713048
BASELINE,113,0.13316490923807794
BASELINE,114,0.16133128315862263
BASELINE,115,0.2848067049973328
BASELINE,116,0.14583053738584914
BASELINE,117,0.3337667845738071
BASELINE,118,0.2793801835817059
BASELINE,119,0.26072926002464036
BASELINE,120,0.2935427436315271
BASELINE,121,0.5668083522324894
BASELINE,122,0.0914608797116277
BASELINE,123,0.2923487629151882
BASELINE,124,0.36135322945501075
BASELINE,125,0.25148738254724645
BASELINE,126,0.1393390194454597
BASELINE,127,0.2719086995021954
BASELINE,128,0.1662795518264421
BASELINE,129,0.3585891552942982
BASELINE,130,0.3024402673620175
BASELINE,131,0.34425252420146496
BASELINE,132,0.17200577049424312
BASELINE,133,0.06211347362133792
BASELINE,134,0.2184858242219314
BASELINE,135,0.16154306457213147
BASELINE,136,0.08690768857238762
BASELINE,137,0.4120665491548754
BASELINE,138,0.05590527389697101
BASELINE,139,0.2011937459595133
BASELINE,140,0.07665509010141741
BASELINE,141,0.2895712104918961
BASELINE,142,0.252045033062938
BASELINE,143,0.15079096536787653
BASELINE,144,0.24521059520620084
BASELINE,145,0.20437013814021474
BASELINE,146,0.5171703080702027
BASELINE,147,0.31145512503499434
BASELINE,148,0.16969105316614472
BASELINE,149,0.4007913447142299
BASELINE,150,0.027763159022155384
BASELINE,151,0.05201168576074842
BASELINE,152,0.07247364213610276
BASELINE,153,0.16662302597495454
BASELINE,154,0.3133781614831324
BASELINE,155,0.16269564831593922
BASELINE,156,0.5130123624357961
BASELINE,157,0.3536671722416602
BASELINE,158,0.3362894221921647
BASELINE,159,0.2022315411681299
BASELINE,160,0.1841402657410683
BASELINE,161,0.2895222632009686
BASELINE,162,0.10360169322475776
BASELINE,163,0.033836523123665536
BASELINE,164,0.044857615313146845
BASELINE,165,0.06880666143976501
BASELINE,166,0.07721737576414112
BASELINE,167,0.05586192581014471
BASELINE,168,0.092224515645889
BASELINE,169,0.04930724921632378
BASELINE,170,0.11974750527479279
BASELINE,171,0.06872004739616774
BASELINE,172,0.032267791106781456
BASELINE,173,0.06145429708796907
BASELINE,174,0.12586232079058374
BASELINE,175,0.30992161099014154
BASELINE,176,0.6332132405164487
BASELINE,177,0.09979723434676666
BASELINE,178,0.610062752815656
BASELINE,179,0.05336924531666973
BASELINE,180,0.10004975740139857
BASELINE,181,0.11817553092193564
BASELINE,182,0.1133961227651484
BASELINE,183,0.08954227065221061
BASELINE,184,0.12568150453836607
BASELINE,185,0.08422749782411215
BASELINE,186,0.20599372080277495
BASELINE,187,0.08565745879329537
BASELINE,188,0.13780348630344916
BASELINE,189,0.12981054870743142
BASELINE,190,0.1682545973359414
BASELINE,191,0.07141241353102502
BASELINE,192,0.4393363126621962
BASELINE,193,0.13052036127439243
BASELINE,194,0.17509173075123433
BASELINE,195,0.11630001538610674
BASELINE,196,0.3064172608299665
BASELINE,197,0.252995238304881
BASELINE,198,0.4145832213317442
BASELINE,199,0.1224342366426244
BASELINE,200,0.1057107217384922
BASELINE,201,0.10794333190657346
BASELINE,202,0.1099937686609542
BASELINE,203,0.21445998995634155
BASELINE,204,0.39688428226167033
BASELINE,205,0.197602392518915
BASELINE,206,0.15203712246552115
BASELINE,207,0.30274555631871475
BASELINE,208,0.1932013441223587
BASELINE,209,0.30569965925164766
BASELINE,210,0.1828014747589522
BASELINE,211,0.22507527028429433
BASELINE,212,0.1339312816387831
BASELINE,213,0.2138704458046178
BASELINE,214,0.3929315486388542
BASELINE,215,0.2827409832888485
BASELINE,216,0.14884137104495537
BASELINE,217,0.17676870996895913
BASELINE,218,0.34369498826856865
BASELINE,219,0.4668631657603212
BASELINE,220,0.20537586464725394
BASELINE,221,0.1477872199775731
BASELINE,222,0.526869946174054
BASELINE,223,0.5455181710194306
BASELINE,224,0.4498145648999242
BASELINE,225,0.35578489692014825
BASELINE,226,0.1309800421271786
BASELINE,227,0.22338230331782663
BASELINE,228,0.27744287160443837
BASELINE,229,0.24724129910609172
BASELINE,230,0.47285632190872623
BASELINE,231,0.2846153248469547
BASELINE,232,0.39804575991448865
BASELINE,233,0.22576421653454568
BASELINE,234,0.24155974600632368
BASELINE,235,0.027555259195784994
BASELINE,236,0.020398127300221412
BASELINE,237,0.0791713680256675
BASELINE,238,0.03894430712113279
BASELINE,239,0.04243023284179723
BASELINE,240,0.3247766231116973
BASELINE,241,0.044625850195767904
BASELINE,242,0.059569365953663134
BASELINE,243,0.21482284749029668
BASELINE,244,0.05018040669194654
BASELINE,245,0.406170257455628
BASELINE,246,0.24307004566276616
BASELINE,247,0.7660913655538949
BASELINE,248,0.18691071329550848
BASELINE,249,0.30876152154278247
BASELINE,250,0.11251915653698785
BASELINE,251,0.14013170143618492
BASELINE,252,0.3128561164972787
BASELINE,253,0.08093771785878684
BASELINE,254,0.1572658105710698
BASELINE,255,0.21958003217764993
BASELINE,256,0.12328789562113518
BASELINE,257,0.20518106578784862
BASELINE,258,0.13334876981414232
BASELINE,259,0.35230856553675866
BASELINE,260,0.1991354195911823
BASELINE,261,0.35246340740076043
BASELINE,262,0.14875874247770762
BASELINE,263,0.3932821818910751
BASELINE,264,0.7479321636463885
BASELINE,265,0.27142315125766264
BASELINE,266,0.09678158510319225
BASELINE,267,0.07416885907146431
BASELINE,268,0.3372346480276346
BASELINE,269,0.0790036995357624
BASELINE,270,0.11547742911000851
BASELINE,271,0.09685263858422884
BASELINE,272,0.19014340132915616
BASELINE,273,0.4086199411904025
BASELINE,274,0.1473223862214162
BASELINE,275,0.12156448003317832
BASELINE,276,0.47758156808168595
BASELINE,277,0.09451347262011324
BASELINE,278,0.2514114213044276
BASELINE,279,0.4218140251191718
BASELINE,280,0.3087910999175833
BASELINE,281,0.11373325142097629
BASELINE,282,0.17722233877960658
BASELINE,283,0.18360481571285714
BASELINE,284,0.2630771265081517
BASELINE,285,0.18463018216477212
BASELINE,286,0.31388742064829805
BASELINE,287,0.5333477038237532
BASELINE,288,0.5020421121203058
BASELINE,289,0.1122435520343846
BASELINE,290,0.3930350825216766
BASELINE,291,0.23365156116761163
BASELINE,292,0.5537025919108094
BASELINE,293,0.18197661323437805
BASELINE,294,0.06693577650236972
BASELINE,295,0.11593301665179014
BASELINE,296,0.08058931681263257
BASELINE,297,0.0710559253442035
BASELINE,298,0.09643403388479532
BASELINE,299,0.7265568306257415
BASELINE,300,0.09303369535578981
BASELINE,301,0.07883166556111768
BASELINE,302,0.0933832934381015
BASELINE,303,0.22690481926060888
BASELINE,304,0.18337122846710774
BASELINE,305,0.2573307275845894
BASELINE,306,0.20350182100382644
BASELINE,307,0.2307898166271276
BASELINE,308,0.3365663216194302
BASELINE,309,0.45124584302100357
BASELINE,310,0.2359194128047174
BASELINE,311,0.20045321212321085
BASELINE,312,0.1672499795328455
BASELINE,313,0.3956646964881846
BASELINE,314,0.22469614226305504
BASELINE,315,0.30063647314376774
BASELINE,316,0.1471020963322995
BASELINE,317,0.1464977893225192
BASELINE,318,0.15678380281829496
BASELINE,319,0.06024517213961198
BASELINE,320,0.1533563907433869
BASELINE,321,0.2507713868920339
BASELINE,322,0.23865079204307507
BASELINE,323,0.1189018172249454
BASELINE,324,0.3111671617096631
BASELINE,325,0.033387442629838476
BASELINE,326,0.2372545094258463
BASELINE,327,0.04558665190266563
BASELINE,328,0.2940579439175718
BASELINE,329,0.41195497051685287
BASELINE,330,0.12638411298234603
BASELINE,331,0.1732254412567887
BASELINE,332,0.099548274754694
BASELINE,333,0.2325375872551748
BASELINE,334,0.14354014408713806
BASELINE,335,0.22309624170582876
BASELINE,336,0.3550850038832784
BASELINE,337,0.18089867182793307
BASELINE,338,0.18126590648649452
BASELINE,339,0.167369328718666
BASELINE,340,0.31850355658273105
BASELINE,341,0.3778804627283539
BASELINE,342,0.3148809532772519
BASELINE,343,0.2372419760926054
BASELINE,344,0.29505398679674555
BASELINE,345,0.3162964299140313
BASELINE,346,0.1776195417668793
BASELINE,347,0.07192978022158221
BASELINE,348,0.18513192862243252
BASELINE,349,0.18407214548267212
BASELINE,350,0.269456546923548
BASELINE,351,0.1432446115633269
BASELINE,352,0.4546737016567959
BASELINE,353,0.23891000508871715
BASELINE,354,0.5168195084844268
BASELINE,355,0.14106450656223662
BASELINE,356,0.4840210758229617
BASELINE,357,0.4119269153836537
BASELINE,358,0.564104906399087
BASELINE,359,0.16584063752150774
BASELINE,360,0.3880110085249263
BASELINE,361,0.21494750737866467
BASELINE,362,0.053685673223772816
BASELINE,363,0.28077755072558147
BASELINE,364,0.057521137204647084
BASELINE,365,0.14212655507731564
BASELINE,366,0.06757698671198552
BASELINE,367,0.13470883749717263
BASELINE,368,0.17484308442077304
BASELINE,369,0.19508236245667837
BASELINE,370,0.13290350967855138
BASELINE,371,0.07357792772081918
BASELINE,372,0.055878319086237534
BASELINE,373,0.06538818615197586
BASELINE,374,0.12350439021082053
BASELINE,375,0.3492270197972364
BASELINE,376,0.27354918084743807
BASELINE,377,0.18459517009949458
BASELINE,378,0.4099091065159806
BASELINE,379,0.20977692518187638
BASELINE,380,0.2145514932721338
BASELINE,381,0.23487460316414172
BASELINE,382,0.3395475795896268
BASELINE,383,0.1828820991690694
BASELINE,384,0.1463853709196163
BASELINE,385,0.2190528404410681
BASELINE,386,0.2719692396551553
BASELINE,387,0.22500237617404553
BASELINE,388,0.3831108116978452
BASELINE,389,0.26474197422545825
BASELINE,390,0.08736320129352054
BASELINE,391,0.30404090456812954
BASELINE,392,0.38238661633256327
BASELINE,393,0.42147918024473524
BASELINE,394,0.09717286633622363
BASELINE,395,0.03895464298820579
BASELINE,396,0.039026805663016376
BASELINE,397,0.03857097277413266
BASELINE,398,0.0790775068452874
BASELINE,399,0.06524692404382587
BASELINE,400,0.11002649030334777
BASELINE,401,0.0800207850041318
BASELINE,402,0.31477892029496385
BASELINE,403,0.09189292391150504
BASELINE,404,0.10310705901036922
BASELINE,405,0.2174735765320316
BASELINE,406,0.2806471410341538
BASELINE,407,0.2561637050147629
BASELINE,408,0.38372891374059964
BASELINE,409,0.09295579913216236
BASELINE,410,0.15698948831923384
BASELINE,411,0.07465721551778516
BASELINE,412,0.16293490996610033
BASELINE,413,0.6312513349119055
BASELINE,414,0.4729375096208864
BASELINE,415,0.22769951665165097
BASELINE,416,0.18143738339079815
BASELINE,417,0.08798554102001847
BASELINE,418,0.2700708888835689
BASELINE,419,0.19194164434382613
BASELINE,420,0.26718064502553335
BASELINE,421,0.18914863655721734
BASELINE,422,0.4248974678432908
BASELINE,423,0.48053013341435313
BASELINE,424,0.40636902550330917
BASELINE,425,0.14111607672527518
BASELINE,426,0.29355425428758225
BASELINE,427,0.347751413700835
BASELINE,428,0.11857371856573772
BASELINE,429,0.25099204331158825
BASELINE,430,0.2122590466037544
BASELINE,431,0.4000689804564303
BASELINE,432,0.2672771782309323
BASELINE,433,0.19563660051309043
BASELINE,434,0.1970387040039781
BASELINE,435,0.23012279726635718
BASELINE,436,0.2840491482920971
BASELINE,437,0.7762183291398845
BASELINE,438,0.4619542972745048
BASELINE,439,0.311814697675337
BASELINE,440,0.3513328526639367
BASELINE,441,0.6889233090677254
BASELINE,442,0.24513831924553633
BASELINE,443,0.028570729192732524
BASELINE,444,0.19699715634358858
BASELINE,445,0.17432841879059208
BASELINE,446,0.10552853665116801
BASELINE,447,0.221448087278963
BASELINE,448,0.15886346404306528
BASELINE,449,0.2146470916281723
BASELINE,450,0.18591516052180915
BASELINE,451,0.25351446899688634
BASELINE,452,0.2876182859426804
BASELINE,453,0.22750793181495604
BASELINE,454,0.1504131299535689
BASELINE,455,0.05017975014943957
BASELINE,456,0.17137696734997904
BASELINE,457,0.14436938879655004
BASELINE,458,0.6527571489227632
BASELINE,459,0.2500184527372
BASELINE,460,0.3789524877361242
BASELINE,461,0.30658155481272337
BASELINE,462,0.5455718386392605
BASELINE,463,0.2536598947495704
BASELINE,464,0.3380466556101248
BASELINE,465,0.25408178129964226
BASELINE,466,0.4161836676334028
BASELINE,467,0.18433544702827945
BASELINE,468,0.07235697039022564
BASELINE,469,0.047170963300089304
BASELINE,470,0.3718255150255336
BASELINE,471,0.14423955523700835
BASELINE,472,0.42089472723456106
BASELINE,473,0.14280020802305168
BASELINE,474,0.3013250332138685
BASELINE,475,0.45692979634954023
BASELINE,476,0.15894091216150524
BASELINE,477,0.1559405360700462
BASELINE,478,0.26463127374437106
BASELINE,479,0.2601972724066613
BASELINE,480,0.10618865905731618
BASELINE,481,0.170133908366168
BASELINE,482,0.29710784241388655
BASELINE,483,0.1428029277184836
BASELINE,484,0.45419558192072856
BASELINE,485,0.10376050746469646
BASELINE,486,0.3823700298285892
BASELINE,487,0.19443377821777805
BASELINE,488,0.17086143520146402
BASELINE,489,0.023493631060557636
BASELINE,490,0.02913147722229341
BASELINE,491,0.031020531845349086
BASELINE,492,0.09740300985104848
BASELINE,493,0.024025475062598042
BASELINE,494,0.0005096128058982558
late-Drug,0,0.09709894212598175
late-Drug,1,0.5716232341872447
late-Drug,2,0.0812727699000504
late-Drug,3,0.30040199190495626
late-Drug,4,0.18664367830559306
late-Drug,5,0.45894748912671895
late-Drug,6,0.13674798069634866
late-Drug,7,0.040129594672668384
late-Drug,8,0.07034562506942757
late-Drug,9,0.09185860091517778
late-Drug,10,0.13107029379061244
late-Drug,11,0.3489555272663472
late-Drug,12,0.3435775204082946
late-Drug,13,0.1468211260147027
late-Drug,14,0.13389368513964375
late-Drug,15,0.09202293644755856
late-Drug,16,0.3473250448317557
late-Drug,17,0.27148590806229694
late-Drug,18,0.08229216723448579
late-Drug,19,0.09528043407822025
late-Drug,20,0.0958381646390357
late-Drug,21,0.27345703979801933
late-Drug,22,0.2255347703479713
late-Drug,23,0.10610007540230289
late-Drug,24,0.24298699101789628
late-Drug,25,0.13184460805021983
late-Drug,26,0.21971978731896208
late-Drug,27,0.45023692845711255
late-Drug,28,0.1210888646980769
late-Drug,29,0.16697313637807276
late-Drug,30,0.12882678954122012
late-Drug,31,0.17578691816826478
late-Drug,32,0.21967797693626195
late-Drug,33,0.37122629014660513
late-Drug,34,0.2581016030036337
late-Drug,35,0.3775478353275031
late-Drug,36,0.13016770895356594
late-Drug,37,0.24159311422080285
late-Drug,38,0.2020535635020416
late-Drug,39,0.21806473313458372
late-Drug,40,0.2287662376139697
late-Drug,41,0.2687568819169629
late-Drug,42,0.40282331336172644
late-Drug,43,0.32205866441003234
late-Drug,44,0.5526916140941013
late-Drug,45,0.3176425736812545
late-Drug,46,0.5137031514591991
late-Drug,47,0.051635787556372034
late-Drug,48,0.22062553898861692
late-Drug,49,0.04540421556887799
late-Drug,50,0.0395499555665294
late-Drug,51,0.12915047052513398
late-Drug,52,0.17717524962654171
late-Drug,53,0.06767417756117645
late-Drug,54,0.16637910592189015
late-Drug,55,0.1516261482353232
late-Drug,56,0.05412736511269943
late-Drug,57,0.2725655668579521
late-Drug,58,0.1779673573360798
late-Drug,59,0.13556369336974508
late-Drug,60,0.13322118276349548
late-Drug,61,0.22451899874542097
late-Drug,62,0.599046146943041
late-Drug,63,0.2046123149386191
late-Drug,64,0.2085890245987406
late-Drug,65,0.13557587648451028
late-Drug,66,0.21305079896512755
late-Drug,67,0.48949262582431957
late-Drug,68,0.4979133010653192
late-Drug,69,0.24386672311248897
late-Drug,70,0.4934939537952231
late-Drug,71,0.3165670288682237
late-Drug,72,0.26982864969381243
late-Drug,73,0.15412499970700577
late-Drug,74,0.4693813626006442
late-Drug,75,0.07330402660463009
late-Drug,76,0.10896160267067438
late-Drug,77,0.3088140827163015
late-Drug,78,0.16516762290205264
late-Drug,79,0.14985286393142225
late-Drug,80,0.2637952162398111
late-Drug,81,0.3001618923116346
late-Drug,82,0.21863858901742053
late-Drug,83,0.35540782797019094
late-Drug,84,0.30836837087839286
late-Drug,85,0.11893814875753568
late-Drug,86,0.10126739392171405
late-Drug,87,0.07563211331206085
late-Drug,88,0.12579759271568777
late-Drug,89,0.3979790875137547
late-Drug,90,0.0334826175495226
late-Drug,91,0.07756654334765517
late-Drug,92,0.10926290320090716
late-Drug,93,0.268225865235987
late-Drug,94,0.35035550910432756
late-Drug,95,0.5621682274338188
late-Drug,96,0.09809036032501695
late-Drug,97,0.23860876218582963
late-Drug,98,0.10657506832568082
late-Drug,99,0.40202081930490224
late-Drug,100,0.07053526911252511
late-Drug,101,0.12189155888169602
late-Drug,102,0.09000297696118971
late-Drug,103,0.23478342184828985
late-Drug,104,0.2696737295513132
late-Drug,105,0.473294626483153
late-Drug,106,0.2019088825833607
late-Drug,107,0.24271714982968778
late-Drug,108,0.19247428735730884
late-Drug,109,0.3938671504673228
late-Drug,110,0.2281244050704671
late-Drug,111,0.31191161756046715
late-Drug,112,0.5280075633637432
late-Drug,113,0.14018361390795006
late-Drug,114,0.16657897787377599
late-Drug,115,0.2537765787947324
late-Drug,116,0.15259637959269245
late-Drug,117,0.32193852983627497
late-Drug,118,0.30347165954770444
late-Drug,119,0.2630051508576466
late-Drug,120,0.27410364665364767
late-Drug,121,0.5629419805353566
late-Drug,122,0.09856121036538759
late-Drug,123,0.29041639471415476
late-Drug,124,0.36172214609822034
late-Drug,125,0.2666388858219475
late-Drug,126,0.14838132935362608
late-Drug,127,0.28117344831647145
late-Drug,128,0.1822321491509247
late-Drug,129,0.3585062862572291
late-Drug,130,0.3204092542906927
late-Drug,131,0.3513292863759101
late-Drug,132,0.1787149850904777
late-Drug,133,0.06029886740519782
late-Drug,134,0.18739638159078006
late-Drug,135,0.07254798813774557
late-Drug,136,0.10383093022091215
late-Drug,137,0.4623480524112834
late-Drug,138,0.06563530221128441
late-Drug,139,0.21790835502922004
late-Drug,140,0.11389507757792579
late-Drug,141,0.29664869125392784
late-Drug,142,0.25577187619998937
late-Drug,143,0.15537542016641293
late-Drug,144,0.2401852133438527
late-Drug,145,0.20855660792685754
late-Drug,146,0.558779176764406
late-Drug,147,0.29924773749580097
late-Drug,148,0.1690442398953002
late-Drug,149,0.39833984504951225
late-Drug,150,0.033953368831053356
late-Drug,151,0.06063846993160064
late-Drug,152,0.08178867375372086
late-Drug,153,0.16643874396178956
late-Drug,154,0.3251074872692015
late-Drug,155,0.1919366490533519
late-Drug,156,0.5088809355108158
late-Drug,157,0.3795618234132664
late-Drug,158,0.35769684675616553
late-Drug,159,0.21794461417795405
late-Drug,160,0.20167890017298937
late-Drug,161,0.2802501629194648
late-Drug,162,0.08688133240952882
late-Drug,163,0.0331859027432175
late-Drug,164,0.08772972969456312
late-Drug,165,0.061661240114657324
late-Drug,166,0.09727454635276958
late-Drug,167,0.05791530936364632
late-Drug,168,0.08070322640478421
late-Drug,169,0.06279501900488804
late-Drug,170,0.11882746889718955
late-Drug,171,0.07020046605475595
late-Drug,172,0.059933635483425014
late-Drug,173,0.07810110780649804
late-Drug,174,0.13333691237790404
late-Drug,175,0.32770372530824904
late-Drug,176,0.6232024687681064
late-Drug,177,0.09644299636221336
late-Drug,178,0.6283679975246617
late-Drug,179,0.07628132323603436
late-Drug,180,0.10489781467287997
late-Drug,181,0.1326087183574558
late-Drug,182,0.1438923489387555
late-Drug,183,0.10669586822547322
late-Drug,184,0.1473734977058083
late-Drug,185,0.09740118520232963
late-Drug,186,0.2178445824725324
late-Drug,187,0.09437939148096125
late-Drug,188,0.12911472064864687
late-Drug,189,0.13098530480024928
late-Drug,190,0.17550610773161066
late-Drug,191,0.07720905202780338
late-Drug,192,0.471192712987011
late-Drug,193,0.1353512475443037
late-Drug,194,0.18012818196397026
late-Drug,195,0.1294705386866626
late-Drug,196,0.32142050100951025
late-Drug,197,0.2568900852028313
late-Drug,198,0.4097634431281812
late-Drug,199,0.11132824137017257
late-Drug,200,0.11592080401470936
late-Drug,201,0.1261567307344629
late-Drug,202,0.09120138677159294
late-Drug,203,0.2049817521853153
late-Drug,204,0.4191995854044014
late-Drug,205,0.19883943625745998
late-Drug,206,0.15992532776977725
late-Drug,207,0.32580261875983824
late-Drug,208,0.21032834019302032
late-Drug,209,0.3045561177204462
late-Drug,210,0.19269369308862178
late-Drug,211,0.21016356651384227
late-Drug,212,0.1335046802060938
late-Drug,213,0.2162078550007231
late-Drug,214,0.3820359587147813
late-Drug,215,0.2755906568784136
late-Drug,216,0.1568672469139017
late-Drug,217,0.17743370998161098
late-Drug,218,0.33618506007932303
late-Drug,219,0.44282412778243274
late-Drug,220,0.18457880575460245
late-Drug,221,0.14672695787650575
late-Drug,222,0.5754385539455718
late-Drug,223,0.5577603115503048
late-Drug,224,0.4392589449642926
late-Drug,225,0.37290514908001543
late-Drug,226,0.1414055188028549
late-Drug,227,0.23205564235032086
late-Drug,228,0.2740438408702484
late-Drug,229,0.24065878336504815
late-Drug,230,0.4617967992779022
late-Drug,231,0.2982773974597888
late-Drug,232,0.3926797343693215
late-Drug,233,0.2235466602809047
late-Drug,234,0.2392108864384443
late-Drug,235,0.07744510604496808
late-Drug,236,0.02870243733332552
late-Drug,237,0.08628044914016693
late-Drug,238,0.04858866287558033
late-Drug,239,0.04179312770395671
late-Drug,240,0.36922130407144893
late-Drug,241,0.06242192390626912
late-Drug,242,0.06158504278437441
late-Drug,243,0.25979229459437253
late-Drug,244,0.056276658923958
late-Drug,245,0.412763374338585
late-Drug,246,0.28841427607171194
late-Drug,247,0.6647733567033861
late-Drug,248,0.20938424167957398
late-Drug,249,0.3005414890207068
late-Drug,250,0.07850393410493861
late-Drug,251,0.19720586096289722
late-Drug,252,0.3224692155127362
late-Drug,253,0.12118632102081196
late-Drug,254,0.166042334094067
late-Drug,255,0.22136066171528376
late-Drug,256,0.1285395247444353
late-Drug,257,0.21584851706182975
late-Drug,258,0.1376393859834123
late-Drug,259,0.3694438797911744
late-Drug,260,0.2003166262242183
late-Drug,261,0.3310529400613968
late-Drug,262,0.17362457326579409
late-Drug,263,0.38319355387462395
late-Drug,264,0.7523269343354834
late-Drug,265,0.26706435286211105
late-Drug,266,0.10832430893799228
late-Drug,267,0.07375869022302288
late-Drug,268,0.3474823681703229
late-Drug,269,0.07619681482170651
late-Drug,270,0.1209649391098498
late-Drug,271,0.10203440353213354
late-Drug,272,0.18830166849746355
late-Drug,273,0.42465699491116043
late-Drug,274,0.13648016362279775
late-Drug,275,0.1439401124397427
late-Drug,276,0.4793012607678559
late-Drug,277,0.09869850760072792
late-Drug,278,0.25090118479154233
late-Drug,279,0.4286363695618745
late-Drug,280,0.2979183771743906
late-Drug,281,0.11397131323678156
late-Drug,282,0.180052002184048
late-Drug,283,0.18172302287272332
late-Drug,284,0.25703790132321763
late-Drug,285,0.20330859709343505
late-Drug,286,0.33086628710110283
late-Drug,287,0.5217745275350769
late-Drug,288,0.5100949502617608
late-Drug,289,0.11132958546726412
late-Drug,290,0.396867045198733
late-Drug,291,0.22594275472316774
late-Drug,292,0.5375297989830052
late-Drug,293,0.2142980762165691
late-Drug,294,0.076761489718751
late-Drug,295,0.09993702483528775
late-Drug,296,0.08217356206873422
late-Drug,297,0.05456935470970403
late-Drug,298,0.11005318967023496
late-Drug,299,0.7743901999854693
late-Drug,300,0.09921318392461946
late-Drug,301,0.09627550515237851
late-Drug,302,0.09507208859354999
late-Drug,303,0.24474660337236678
late-Drug,304,0.20058781950796373
late-Drug,305,0.26022823121111915
late-Drug,306,0.20028686796965398
late-Drug,307,0.21256615383725844
late-Drug,308,0.3457941123872131
late-Drug,309,0.4726163735354372
late-Drug,310,0.2557107427007358
late-Drug,311,0.22649818615271036
late-Drug,312,0.16174879942591852
late-Drug,313,0.3899574674292862
late-Drug,314,0.2421806349474839
late-Drug,315,0.2755962567348169
late-Drug,316,0.16056716794911577
late-Drug,317,0.13994864918080024
late-Drug,318,0.15392112887816467
late-Drug,319,0.09460335880832574
late-Drug,320,0.1681668048566949
late-Drug,321,0.2517769728190513
late-Drug,322,0.23449400133053427
late-Drug,323,0.18237996831694783
late-Drug,324,0.32984659876633626
late-Drug,325,0.03672699307420142
late-Drug,326,0.2781110886978951
late-Drug,327,0.049885009236466306
late-Drug,328,0.3378982631934963
late-Drug,329,0.4851871132224585
late-Drug,330,0.14322028721709798
late-Drug,331,0.19570151793960464
late-Drug,332,0.12494174789905163
late-Drug,333,0.2443343952307559
late-Drug,334,0.1568667049527949
late-Drug,335,0.24278753858231125
late-Drug,336,0.41124573186243873
late-Drug,337,0.18328256754636493
late-Drug,338,0.19126075443944224
late-Drug,339,0.13327719683841022
late-Drug,340,0.3787727368936993
late-Drug,341,0.39971954770981377
late-Drug,342,0.3126119768723013
late-Drug,343,0.26128574455796566
late-Drug,344,0.2836970676148514
late-Drug,345,0.27541808309614413
late-Drug,346,0.18000612016861411
late-Drug,347,0.08096761354538233
late-Drug,348,0.22298657151323395
late-Drug,349,0.19281368954700745
late-Drug,350,0.23774227446636062
late-Drug,351,0.1821548366086786
late-Drug,352,0.4452290385451187
late-Drug,353,0.2763647511172025
late-Drug,354,0.5617171819862359
late-Drug,355,0.12996834356061163
late-Drug,356,0.48497815900870417
late-Drug,357,0.38432584505585854
late-Drug,358,0.5695407807275732
late-Drug,359,0.18056220734512837
late-Drug,360,0.4060358525325528
late-Drug,361,0.2248555133915357
late-Drug,362,0.060312314934574826
late-Drug,363,0.31877381012381445
late-Drug,364,0.06864412556622589
late-Drug,365,0.1508804401676333
late-Drug,366,0.07411178542555247
late-Drug,367,0.13220598082573728
late-Drug,368,0.20331141254721513
late-Drug,369,0.19703997758166802
late-Drug,370,0.1274892678391669
late-Drug,371,0.07243988540160741
late-Drug,372,0.06105302652620964
late-Drug,373,0.044303851786430225
late-Drug,374,0.12697505637005424
late-Drug,375,0.3401256721572216
late-Drug,376,0.27595614182466155
late-Drug,377,0.19248775050217642
late-Drug,378,0.41465990339976083
late-Drug,379,0.21167645508890026
late-Drug,380,0.18833807390436952
late-Drug,381,0.2292806262001769
late-Drug,382,0.34699362665667033
late-Drug,383,0.20860354585832838
late-Drug,384,0.1749570572028884
late-Drug,385,0.22849819822373274
late-Drug,386,0.2701735242472999
late-Drug,387,0.21983324802603482
late-Drug,388,0.4394902392041411
late-Drug,389,0.28242536763033843
late-Drug,390,0.08460928146427617
late-Drug,391,0.3043259590071847
late-Drug,392,0.37756097490233487
late-Drug,393,0.4526692306933249
late-Drug,394,0.04103149723234153
late-Drug,395,0.0572203115130444
late-Drug,396,0.044864869004522016
late-Drug,397,0.05714860828547129
late-Drug,398,0.10419976902558217
late-Drug,399,0.055382660426566144
late-Drug,400,0.11770152719762533
late-Drug,401,0.11115470064614756
late-Drug,402,0.32102116470456044
late-Drug,403,0.11128243150907455
late-Drug,404,0.15279719180643234
late-Drug,405,0.21043013973306016
late-Drug,406,0.2771748361108189
late-Drug,407,0.2646362414390666
late-Drug,408,0.3920837814881857
late-Drug,409,0.08066796904414068
late-Drug,410,0.1485529233396843
late-Drug,411,0.07586083813381624
late-Drug,412,0.16808744322450003
late-Drug,413,0.6094716428003325
late-Drug,414,0.4746240631083817
late-Drug,415,0.25369939168724254
late-Drug,416,0.18025411979585204
late-Drug,417,0.11936150166825532
late-Drug,418,0.2673091572397306
late-Drug,419,0.19872365620655183
late-Drug,420,0.27690480119210537
late-Drug,421,0.19095104692926043
late-Drug,422,0.40176543505367535
late-Drug,423,0.4656009475227356
late-Drug,424,0.4058714204008688
late-Drug,425,0.16274148481340195
late-Drug,426,0.32620603695850164
late-Drug,427,0.3330829954578556
late-Drug,428,0.13014740979089334
late-Drug,429,0.2668377562493213
late-Drug,430,0.1954545015063572
late-Drug,431,0.3820689047107069
late-Drug,432,0.21939874454171115
late-Drug,433,0.17552068182961775
late-Drug,434,0.1666747575449852
late-Drug,435,0.2204908945166247
late-Drug,436,0.2818857874906469
late-Drug,437,0.7759777061135922
late-Drug,438,0.46010198316107753
late-Drug,439,0.31264207882371003
late-Drug,440,0.3530207911603143
late-Drug,441,0.6793998175568665
late-Drug,442,0.25192423353356175
late-Drug,443,0.03919947716422247
late-Drug,444,0.18852302007570726
late-Drug,445,0.1817065170142394
late-Drug,446,0.14886984534419784
late-Drug,447,0.19339241704976745
late-Drug,448,0.1698503694206475
late-Drug,449,0.21960113468196327
late-Drug,450,0.1764651515160611
late-Drug,451,0.24402649297230958
late-Drug,452,0.2778116281935753
late-Drug,453,0.2215879265829507
late-Drug,454,0.1591467037978591
late-Drug,455,0.05095101949833605
late-Drug,456,0.20486410749036144
late-Drug,457,0.15465648525787312
late-Drug,458,0.5812399605843293
late-Drug,459,0.2762521239990544
late-Drug,460,0.3833093062235328
late-Drug,461,0.3072537840726721
late-Drug,462,0.6245102237574329
late-Drug,463,0.27474860567765935
late-Drug,464,0.3263091747022039
late-Drug,465,0.23196810260837344
late-Drug,466,0.3853101446827839
late-Drug,467,0.07756965362358789
late-Drug,468,0.07235365790648586
late-Drug,469,0.05570062743470996
late-Drug,470,0.3780546249786004
late-Drug,471,0.14424643831337394
late-Drug,472,0.42402040364484217
late-Drug,473,0.14445759001577513
late-Drug,474,0.31758016831597824
late-Drug,475,0.47877531229505954
late-Drug,476,0.1647708145306607
late-Drug,477,0.20897219908458273
late-Drug,478,0.21946644876769325
late-Drug,479,0.2757201030520062
late-Drug,480,0.10286179806658091
late-Drug,481,0.1908016027473776
late-Drug,482,0.2703205537514535
late-Drug,483,0.15588500683998763
late-Drug,484,0.43568961809093826
late-Drug,485,0.09481337757218146
late-Drug,486,0.39283819898269956
late-Drug,487,0.19217869949422126
late-Drug,488,0.19942037470254795
late-Drug,489,0.07543732107657546
late-Drug,490,0.03358184898215195
late-Drug,491,0.08626994072596483
late-Drug,492,0.08631902651909695
late-Drug,493,0.010273226617179408
late-Drug,494,0.03820848747317427
